alpha,lambda,pred,obs,rowIndex,No,Yes,Resample,model,mtry,splitrule,min.node.size
0.9,0.20235896477251575,Yes,Yes,11,0.4834066823572519,0.5165933176427481,Fold5.Rep2,ElasticNet,NA,NA,NA
0.9,0.20235896477251575,Yes,Yes,77,0.460120610101314,0.539879389898686,Fold2.Rep5,ElasticNet,NA,NA,NA
0.9,0.20235896477251575,Yes,Yes,47,0.43851852540794634,0.5614814745920537,Fold3.Rep2,ElasticNet,NA,NA,NA
0.9,0.20235896477251575,No,Yes,49,0.5316696190119293,0.46833038098807067,Fold3.Rep2,ElasticNet,NA,NA,NA
0.9,0.20235896477251575,No,Yes,3,0.5230950764916383,0.47690492350836167,Fold5.Rep2,ElasticNet,NA,NA,NA
0.9,0.20235896477251575,Yes,Yes,56,0.4448817026316898,0.5551182973683102,Fold3.Rep2,ElasticNet,NA,NA,NA
0.9,0.20235896477251575,Yes,Yes,7,0.3951928670847601,0.6048071329152399,Fold2.Rep3,ElasticNet,NA,NA,NA
0.9,0.20235896477251575,Yes,Yes,32,0.43288069738533796,0.567119302614662,Fold3.Rep2,ElasticNet,NA,NA,NA
0.9,0.20235896477251575,No,No,29,0.6444087125280693,0.3555912874719307,Fold3.Rep2,ElasticNet,NA,NA,NA
0.9,0.20235896477251575,Yes,No,72,0.4644587756484789,0.5355412243515211,Fold2.Rep5,ElasticNet,NA,NA,NA
0.9,0.20235896477251575,Yes,Yes,12,0.44250065198044986,0.5574993480195501,Fold3.Rep2,ElasticNet,NA,NA,NA
0.9,0.20235896477251575,No,No,57,0.536389268432614,0.46361073156738597,Fold3.Rep2,ElasticNet,NA,NA,NA
0.9,0.20235896477251575,No,No,17,0.7153505134212477,0.2846494865787523,Fold2.Rep3,ElasticNet,NA,NA,NA
0.9,0.20235896477251575,Yes,Yes,31,0.45779772689054954,0.5422022731094505,Fold3.Rep2,ElasticNet,NA,NA,NA
0.9,0.20235896477251575,Yes,Yes,52,0.4230461740856678,0.5769538259143322,Fold2.Rep5,ElasticNet,NA,NA,NA
0.9,0.20235896477251575,Yes,No,43,0.3609050682148168,0.6390949317851832,Fold2.Rep4,ElasticNet,NA,NA,NA
0.9,0.20235896477251575,Yes,No,22,0.49774288790337207,0.5022571120966279,Fold3.Rep3,ElasticNet,NA,NA,NA
0.9,0.20235896477251575,Yes,No,21,0.4208210506197074,0.5791789493802926,Fold3.Rep2,ElasticNet,NA,NA,NA
0.9,0.20235896477251575,No,No,35,0.6042724136702953,0.3957275863297047,Fold5.Rep2,ElasticNet,NA,NA,NA
0.9,0.20235896477251575,Yes,No,16,0.4220757480253272,0.5779242519746728,Fold3.Rep3,ElasticNet,NA,NA,NA
0.9,0.20235896477251575,Yes,Yes,41,0.4397488810679828,0.5602511189320172,Fold2.Rep4,ElasticNet,NA,NA,NA
0.9,0.20235896477251575,Yes,No,44,0.36302358857780725,0.6369764114221927,Fold2.Rep4,ElasticNet,NA,NA,NA
0.9,0.20235896477251575,No,No,27,0.6804489332662707,0.3195510667337294,Fold2.Rep4,ElasticNet,NA,NA,NA
0.9,0.20235896477251575,Yes,Yes,7,0.4062925791295584,0.5937074208704416,Fold5.Rep2,ElasticNet,NA,NA,NA
0.9,0.20235896477251575,Yes,No,21,0.4107867379140939,0.5892132620859061,Fold4.Rep1,ElasticNet,NA,NA,NA
0.9,0.20235896477251575,Yes,Yes,13,0.39519029859316934,0.6048097014068307,Fold2.Rep4,ElasticNet,NA,NA,NA
0.9,0.20235896477251575,No,No,20,0.5103302802508329,0.4896697197491671,Fold2.Rep3,ElasticNet,NA,NA,NA
0.9,0.20235896477251575,Yes,Yes,9,0.3562591664083854,0.6437408335916146,Fold2.Rep4,ElasticNet,NA,NA,NA
0.9,0.20235896477251575,Yes,Yes,40,0.3766288571550982,0.6233711428449018,Fold2.Rep4,ElasticNet,NA,NA,NA
0.9,0.20235896477251575,No,Yes,51,0.6194688953721481,0.38053110462785195,Fold4.Rep1,ElasticNet,NA,NA,NA
0.9,0.20235896477251575,Yes,Yes,24,0.4277540312518501,0.5722459687481499,Fold3.Rep3,ElasticNet,NA,NA,NA
0.9,0.20235896477251575,No,No,29,0.6426762747688324,0.3573237252311676,Fold3.Rep3,ElasticNet,NA,NA,NA
0.9,0.20235896477251575,Yes,No,16,0.40305586972720653,0.5969441302727935,Fold5.Rep2,ElasticNet,NA,NA,NA
0.9,0.20235896477251575,No,No,58,0.5996966977448384,0.4003033022551617,Fold3.Rep2,ElasticNet,NA,NA,NA
0.9,0.20235896477251575,Yes,No,43,0.4100536747034308,0.5899463252965692,Fold2.Rep5,ElasticNet,NA,NA,NA
0.9,0.20235896477251575,Yes,Yes,15,0.45731028855836886,0.5426897114416311,Fold5.Rep2,ElasticNet,NA,NA,NA
0.9,0.20235896477251575,Yes,Yes,52,0.42079706878009826,0.5792029312199017,Fold2.Rep2,ElasticNet,NA,NA,NA
0.9,0.20235896477251575,Yes,No,75,0.3362292553186722,0.6637707446813278,Fold4.Rep2,ElasticNet,NA,NA,NA
0.9,0.20235896477251575,Yes,No,76,0.473666650657106,0.526333349342894,Fold4.Rep2,ElasticNet,NA,NA,NA
0.9,0.20235896477251575,No,No,38,0.5364386164591639,0.46356138354083615,Fold2.Rep3,ElasticNet,NA,NA,NA
0.9,0.20235896477251575,Yes,Yes,26,0.4516028538223128,0.5483971461776872,Fold2.Rep4,ElasticNet,NA,NA,NA
0.9,0.20235896477251575,Yes,Yes,33,0.42073786986456874,0.5792621301354313,Fold2.Rep4,ElasticNet,NA,NA,NA
0.9,0.20235896477251575,No,Yes,51,0.6481195994886639,0.3518804005113361,Fold2.Rep3,ElasticNet,NA,NA,NA
0.9,0.20235896477251575,No,No,17,0.5879565705483059,0.4120434294516942,Fold3.Rep2,ElasticNet,NA,NA,NA
0.9,0.20235896477251575,No,No,76,0.5755012880949121,0.4244987119050879,Fold5.Rep3,ElasticNet,NA,NA,NA
0.9,0.20235896477251575,Yes,No,53,0.46793304199840224,0.5320669580015978,Fold2.Rep5,ElasticNet,NA,NA,NA
0.9,0.20235896477251575,Yes,Yes,25,0.4254356520888273,0.5745643479111727,Fold5.Rep2,ElasticNet,NA,NA,NA
0.9,0.20235896477251575,Yes,Yes,52,0.41532732797635163,0.5846726720236484,Fold4.Rep1,ElasticNet,NA,NA,NA
0.9,0.20235896477251575,No,Yes,10,0.5356923347059983,0.46430766529400164,Fold3.Rep2,ElasticNet,NA,NA,NA
0.9,0.20235896477251575,Yes,Yes,79,0.37534874828356,0.62465125171644,Fold3.Rep1,ElasticNet,NA,NA,NA
0.9,0.20235896477251575,No,No,71,0.5640104325903867,0.43598956740961325,Fold3.Rep3,ElasticNet,NA,NA,NA
0.9,0.20235896477251575,No,No,72,0.5135824062831805,0.4864175937168195,Fold3.Rep3,ElasticNet,NA,NA,NA
0.9,0.20235896477251575,Yes,No,60,0.4629006005984204,0.5370993994015796,Fold2.Rep4,ElasticNet,NA,NA,NA
0.9,0.20235896477251575,Yes,No,62,0.4144223587964895,0.5855776412035105,Fold2.Rep4,ElasticNet,NA,NA,NA
0.9,0.20235896477251575,Yes,Yes,46,0.41648745202055615,0.5835125479794439,Fold4.Rep1,ElasticNet,NA,NA,NA
0.9,0.20235896477251575,Yes,Yes,47,0.3807890538089904,0.6192109461910096,Fold4.Rep1,ElasticNet,NA,NA,NA
0.9,0.20235896477251575,No,Yes,49,0.5780804112148101,0.4219195887851899,Fold5.Rep3,ElasticNet,NA,NA,NA
0.9,0.20235896477251575,No,No,57,0.5131083949613551,0.486891605038645,Fold4.Rep1,ElasticNet,NA,NA,NA
0.9,0.20235896477251575,Yes,No,65,0.4724103032525119,0.5275896967474881,Fold4.Rep1,ElasticNet,NA,NA,NA
0.9,0.20235896477251575,No,Yes,63,0.5336077519255238,0.46639224807447616,Fold2.Rep5,ElasticNet,NA,NA,NA
0.9,0.20235896477251575,Yes,Yes,25,0.41652157828806213,0.5834784217119379,Fold2.Rep3,ElasticNet,NA,NA,NA
0.9,0.20235896477251575,Yes,Yes,56,0.38976189923593263,0.6102381007640674,Fold2.Rep4,ElasticNet,NA,NA,NA
0.9,0.20235896477251575,Yes,No,45,0.45769771425725636,0.5423022857427436,Fold2.Rep2,ElasticNet,NA,NA,NA
0.9,0.20235896477251575,Yes,No,72,0.4938154875488605,0.5061845124511395,Fold3.Rep1,ElasticNet,NA,NA,NA
0.9,0.20235896477251575,Yes,Yes,78,0.43021136997284093,0.5697886300271591,Fold3.Rep1,ElasticNet,NA,NA,NA
0.9,0.20235896477251575,Yes,Yes,26,0.43022999719290134,0.5697700028070987,Fold4.Rep1,ElasticNet,NA,NA,NA
0.9,0.20235896477251575,No,No,17,0.7177885372462995,0.2822114627537004,Fold2.Rep4,ElasticNet,NA,NA,NA
0.9,0.20235896477251575,Yes,No,65,0.42034375907122357,0.5796562409287764,Fold2.Rep4,ElasticNet,NA,NA,NA
0.9,0.20235896477251575,Yes,No,30,0.496817137184304,0.503182862815696,Fold3.Rep3,ElasticNet,NA,NA,NA
0.9,0.20235896477251575,Yes,Yes,33,0.44698382146681503,0.553016178533185,Fold3.Rep3,ElasticNet,NA,NA,NA
0.9,0.20235896477251575,Yes,No,65,0.49058538370065274,0.5094146162993473,Fold5.Rep3,ElasticNet,NA,NA,NA
0.9,0.20235896477251575,No,No,73,0.5426820953269584,0.4573179046730415,Fold5.Rep3,ElasticNet,NA,NA,NA
0.9,0.20235896477251575,Yes,Yes,68,0.42337298564836,0.57662701435164,Fold4.Rep1,ElasticNet,NA,NA,NA
0.9,0.20235896477251575,Yes,Yes,15,0.47030543518574053,0.5296945648142595,Fold3.Rep3,ElasticNet,NA,NA,NA
0.9,0.20235896477251575,Yes,Yes,1,0.4387769301878316,0.5612230698121684,Fold3.Rep2,ElasticNet,NA,NA,NA
0.9,0.20235896477251575,Yes,Yes,69,0.4330926276684962,0.5669073723315038,Fold3.Rep3,ElasticNet,NA,NA,NA
0.9,0.20235896477251575,Yes,Yes,68,0.42977717461033704,0.570222825389663,Fold4.Rep2,ElasticNet,NA,NA,NA
0.9,0.20235896477251575,Yes,Yes,41,0.45606034658380534,0.5439396534161947,Fold2.Rep5,ElasticNet,NA,NA,NA
0.9,0.20235896477251575,Yes,Yes,11,0.4834700480210624,0.5165299519789376,Fold3.Rep3,ElasticNet,NA,NA,NA
0.9,0.20235896477251575,Yes,Yes,69,0.431222565309885,0.568777434690115,Fold2.Rep2,ElasticNet,NA,NA,NA
0.9,0.20235896477251575,Yes,Yes,32,0.3898568725709942,0.6101431274290058,Fold4.Rep1,ElasticNet,NA,NA,NA
0.9,0.20235896477251575,Yes,Yes,47,0.3878202644417398,0.6121797355582602,Fold5.Rep3,ElasticNet,NA,NA,NA
0.9,0.20235896477251575,Yes,No,48,0.46711115366106315,0.5328888463389369,Fold5.Rep3,ElasticNet,NA,NA,NA
0.9,0.20235896477251575,Yes,Yes,52,0.4336736735151573,0.5663263264848427,Fold2.Rep3,ElasticNet,NA,NA,NA
0.9,0.20235896477251575,Yes,No,57,0.4717639843618785,0.5282360156381215,Fold2.Rep3,ElasticNet,NA,NA,NA
0.9,0.20235896477251575,Yes,No,75,0.35846104007497426,0.6415389599250257,Fold5.Rep3,ElasticNet,NA,NA,NA
0.9,0.20235896477251575,Yes,No,45,0.43981103301068314,0.5601889669893169,Fold2.Rep4,ElasticNet,NA,NA,NA
0.9,0.20235896477251575,Yes,Yes,54,0.4643263871404518,0.5356736128595482,Fold3.Rep2,ElasticNet,NA,NA,NA
0.9,0.20235896477251575,No,No,71,0.5073086436822445,0.4926913563177555,Fold3.Rep1,ElasticNet,NA,NA,NA
0.9,0.20235896477251575,Yes,Yes,12,0.4157478876654953,0.5842521123345047,Fold4.Rep3,ElasticNet,NA,NA,NA
0.9,0.20235896477251575,Yes,Yes,36,0.43753101387551785,0.5624689861244822,Fold1.Rep2,ElasticNet,NA,NA,NA
0.9,0.20235896477251575,No,No,39,0.5655716187103349,0.4344283812896651,Fold1.Rep2,ElasticNet,NA,NA,NA
0.9,0.20235896477251575,Yes,Yes,41,0.38748170101746604,0.612518298982534,Fold1.Rep2,ElasticNet,NA,NA,NA
0.9,0.20235896477251575,No,No,74,0.5860610820257894,0.41393891797421056,Fold2.Rep2,ElasticNet,NA,NA,NA
0.9,0.20235896477251575,Yes,Yes,77,0.4031628456122548,0.5968371543877452,Fold2.Rep2,ElasticNet,NA,NA,NA
0.9,0.20235896477251575,Yes,No,39,0.45365477856477787,0.5463452214352221,Fold2.Rep3,ElasticNet,NA,NA,NA
0.9,0.20235896477251575,Yes,Yes,33,0.4422681359123314,0.5577318640876686,Fold4.Rep2,ElasticNet,NA,NA,NA
0.9,0.20235896477251575,Yes,No,48,0.43107845098176345,0.5689215490182365,Fold4.Rep2,ElasticNet,NA,NA,NA
0.9,0.20235896477251575,No,Yes,51,0.5971050160511053,0.4028949839488946,Fold4.Rep2,ElasticNet,NA,NA,NA
0.9,0.20235896477251575,Yes,Yes,1,0.39964240279322927,0.6003575972067707,Fold2.Rep3,ElasticNet,NA,NA,NA
0.9,0.20235896477251575,No,Yes,3,0.5512206707653258,0.44877932923467423,Fold2.Rep3,ElasticNet,NA,NA,NA
0.9,0.20235896477251575,Yes,No,65,0.4710232947307038,0.5289767052692962,Fold4.Rep2,ElasticNet,NA,NA,NA
0.9,0.20235896477251575,Yes,Yes,9,0.34700898259693713,0.6529910174030629,Fold5.Rep3,ElasticNet,NA,NA,NA
0.9,0.20235896477251575,No,Yes,10,0.6212608167674918,0.37873918323250816,Fold5.Rep3,ElasticNet,NA,NA,NA
0.9,0.20235896477251575,Yes,Yes,23,0.39390377091875384,0.6060962290812462,Fold5.Rep3,ElasticNet,NA,NA,NA
0.9,0.20235896477251575,Yes,Yes,9,0.351147260605976,0.648852739394024,Fold4.Rep2,ElasticNet,NA,NA,NA
0.9,0.20235896477251575,Yes,No,30,0.46062823767420524,0.5393717623257948,Fold4.Rep1,ElasticNet,NA,NA,NA
0.9,0.20235896477251575,Yes,No,22,0.48371831439225665,0.5162816856077433,Fold4.Rep2,ElasticNet,NA,NA,NA
0.9,0.20235896477251575,Yes,Yes,23,0.39477383903538765,0.6052261609646123,Fold4.Rep2,ElasticNet,NA,NA,NA
0.9,0.20235896477251575,Yes,Yes,41,0.4598958761325408,0.5401041238674592,Fold2.Rep3,ElasticNet,NA,NA,NA
0.9,0.20235896477251575,No,No,35,0.639904371852013,0.36009562814798696,Fold3.Rep3,ElasticNet,NA,NA,NA
0.9,0.20235896477251575,Yes,Yes,40,0.43293111618842006,0.5670688838115799,Fold3.Rep3,ElasticNet,NA,NA,NA
0.9,0.20235896477251575,Yes,No,53,0.4184236136249525,0.5815763863750475,Fold4.Rep2,ElasticNet,NA,NA,NA
0.9,0.20235896477251575,Yes,No,55,0.39658249702698956,0.6034175029730104,Fold4.Rep2,ElasticNet,NA,NA,NA
0.9,0.20235896477251575,No,No,70,0.6199640979879997,0.3800359020120004,Fold2.Rep3,ElasticNet,NA,NA,NA
0.9,0.20235896477251575,Yes,No,37,0.48705554769563486,0.5129444523043651,Fold2.Rep5,ElasticNet,NA,NA,NA
0.9,0.20235896477251575,Yes,No,38,0.4806616221167558,0.5193383778832442,Fold2.Rep5,ElasticNet,NA,NA,NA
0.9,0.20235896477251575,No,No,67,0.5989186301294231,0.40108136987057685,Fold4.Rep5,ElasticNet,NA,NA,NA
0.9,0.20235896477251575,Yes,No,70,0.4235878342360119,0.5764121657639881,Fold4.Rep5,ElasticNet,NA,NA,NA
0.9,0.20235896477251575,No,Yes,54,0.526663882063136,0.47333611793686403,Fold2.Rep4,ElasticNet,NA,NA,NA
0.9,0.20235896477251575,Yes,Yes,78,0.3816160521776304,0.6183839478223696,Fold4.Rep2,ElasticNet,NA,NA,NA
0.9,0.20235896477251575,Yes,Yes,79,0.3551747791045473,0.6448252208954527,Fold4.Rep2,ElasticNet,NA,NA,NA
0.9,0.20235896477251575,Yes,Yes,24,0.433855649639699,0.566144350360301,Fold4.Rep2,ElasticNet,NA,NA,NA
0.9,0.20235896477251575,No,No,6,0.5379706510162998,0.46202934898370024,Fold2.Rep5,ElasticNet,NA,NA,NA
0.9,0.20235896477251575,Yes,Yes,9,0.38825088579041256,0.6117491142095874,Fold2.Rep5,ElasticNet,NA,NA,NA
0.9,0.20235896477251575,Yes,Yes,13,0.41303014811464334,0.5869698518853567,Fold2.Rep5,ElasticNet,NA,NA,NA
0.9,0.20235896477251575,Yes,Yes,14,0.4059009126666733,0.5940990873333267,Fold2.Rep5,ElasticNet,NA,NA,NA
0.9,0.20235896477251575,Yes,Yes,19,0.41592081136040504,0.584079188639595,Fold2.Rep5,ElasticNet,NA,NA,NA
0.9,0.20235896477251575,Yes,Yes,56,0.42030293887521286,0.5796970611247871,Fold3.Rep3,ElasticNet,NA,NA,NA
0.9,0.20235896477251575,No,No,30,0.5010865274900108,0.4989134725099892,Fold1.Rep2,ElasticNet,NA,NA,NA
0.9,0.20235896477251575,Yes,No,8,0.4736215632260553,0.5263784367739447,Fold4.Rep3,ElasticNet,NA,NA,NA
0.9,0.20235896477251575,Yes,Yes,13,0.39204469527866626,0.6079553047213337,Fold4.Rep3,ElasticNet,NA,NA,NA
0.9,0.20235896477251575,Yes,Yes,40,0.42477585921279026,0.5752241407872097,Fold1.Rep2,ElasticNet,NA,NA,NA
0.9,0.20235896477251575,No,No,67,0.5077919362865544,0.49220806371344566,Fold5.Rep4,ElasticNet,NA,NA,NA
0.9,0.20235896477251575,Yes,No,70,0.3896787899459545,0.6103212100540455,Fold5.Rep4,ElasticNet,NA,NA,NA
0.9,0.20235896477251575,No,No,38,0.6181965395035165,0.3818034604964835,Fold5.Rep2,ElasticNet,NA,NA,NA
0.9,0.20235896477251575,No,No,62,0.5734277512839918,0.42657224871600813,Fold3.Rep2,ElasticNet,NA,NA,NA
0.9,0.20235896477251575,No,Yes,42,0.5635568995153564,0.43644310048464363,Fold2.Rep3,ElasticNet,NA,NA,NA
0.9,0.20235896477251575,Yes,No,45,0.43093916486934813,0.5690608351306519,Fold2.Rep3,ElasticNet,NA,NA,NA
0.9,0.20235896477251575,Yes,No,62,0.42966468358757526,0.5703353164124247,Fold2.Rep3,ElasticNet,NA,NA,NA
0.9,0.20235896477251575,No,Yes,63,0.5608198291224507,0.4391801708775494,Fold2.Rep3,ElasticNet,NA,NA,NA
0.9,0.20235896477251575,Yes,No,75,0.2208035253093018,0.7791964746906982,Fold3.Rep5,ElasticNet,NA,NA,NA
0.9,0.20235896477251575,Yes,Yes,59,0.40035750642498225,0.5996424935750178,Fold3.Rep1,ElasticNet,NA,NA,NA
0.9,0.20235896477251575,No,No,6,0.5555746055333939,0.4444253944666061,Fold4.Rep1,ElasticNet,NA,NA,NA
0.9,0.20235896477251575,Yes,Yes,9,0.38354284788934545,0.6164571521106545,Fold4.Rep1,ElasticNet,NA,NA,NA
0.9,0.20235896477251575,No,No,20,0.5135785831747496,0.4864214168252504,Fold4.Rep1,ElasticNet,NA,NA,NA
0.9,0.20235896477251575,Yes,Yes,14,0.3781327559382418,0.6218672440617582,Fold4.Rep2,ElasticNet,NA,NA,NA
0.9,0.20235896477251575,Yes,No,43,0.38607472214464456,0.6139252778553554,Fold5.Rep3,ElasticNet,NA,NA,NA
0.9,0.20235896477251575,Yes,No,44,0.49842431439621016,0.5015756856037898,Fold5.Rep3,ElasticNet,NA,NA,NA
0.9,0.20235896477251575,Yes,No,5,0.4460784042290783,0.5539215957709217,Fold2.Rep5,ElasticNet,NA,NA,NA
0.9,0.20235896477251575,No,No,29,0.7320623240419493,0.2679376759580507,Fold4.Rep5,ElasticNet,NA,NA,NA
0.9,0.20235896477251575,Yes,Yes,46,0.4021671815946015,0.5978328184053985,Fold4.Rep5,ElasticNet,NA,NA,NA
0.9,0.20235896477251575,No,Yes,51,0.5168931277981461,0.4831068722018539,Fold4.Rep5,ElasticNet,NA,NA,NA
0.9,0.20235896477251575,Yes,Yes,56,0.40634716391918657,0.5936528360808134,Fold4.Rep5,ElasticNet,NA,NA,NA
0.9,0.20235896477251575,No,No,60,0.5034279361139262,0.49657206388607383,Fold4.Rep5,ElasticNet,NA,NA,NA
0.9,0.20235896477251575,Yes,Yes,61,0.43882392490635047,0.5611760750936495,Fold4.Rep5,ElasticNet,NA,NA,NA
0.9,0.20235896477251575,No,Yes,64,0.6862112692521569,0.313788730747843,Fold4.Rep5,ElasticNet,NA,NA,NA
0.9,0.20235896477251575,No,Yes,63,0.525576033821737,0.47442396617826305,Fold4.Rep4,ElasticNet,NA,NA,NA
0.9,0.20235896477251575,Yes,Yes,68,0.43800557774034243,0.5619944222596576,Fold4.Rep4,ElasticNet,NA,NA,NA
0.9,0.20235896477251575,No,No,72,0.5001621567104269,0.4998378432895732,Fold4.Rep4,ElasticNet,NA,NA,NA
0.9,0.20235896477251575,No,No,74,0.5348924344660497,0.46510756553395033,Fold4.Rep4,ElasticNet,NA,NA,NA
0.9,0.20235896477251575,Yes,No,75,0.35437429810117127,0.6456257018988287,Fold4.Rep4,ElasticNet,NA,NA,NA
0.9,0.20235896477251575,Yes,Yes,77,0.41010151361400904,0.589898486385991,Fold4.Rep4,ElasticNet,NA,NA,NA
0.9,0.20235896477251575,Yes,Yes,79,0.3757966032873601,0.6242033967126399,Fold4.Rep4,ElasticNet,NA,NA,NA
0.9,0.20235896477251575,Yes,No,70,0.4650682603079954,0.5349317396920046,Fold3.Rep2,ElasticNet,NA,NA,NA
0.9,0.20235896477251575,No,No,73,0.5481366369973805,0.45186336300261953,Fold3.Rep2,ElasticNet,NA,NA,NA
0.9,0.20235896477251575,Yes,Yes,46,0.42050428905754467,0.5794957109424553,Fold3.Rep3,ElasticNet,NA,NA,NA
0.9,0.20235896477251575,Yes,Yes,50,0.4785544845136299,0.5214455154863701,Fold3.Rep3,ElasticNet,NA,NA,NA
0.9,0.20235896477251575,No,Yes,28,0.5589456859266096,0.44105431407339035,Fold1.Rep2,ElasticNet,NA,NA,NA
0.9,0.20235896477251575,No,No,6,0.5711368550093043,0.4288631449906957,Fold4.Rep3,ElasticNet,NA,NA,NA
0.9,0.20235896477251575,No,No,22,0.5249597625898428,0.47504023741015716,Fold3.Rep5,ElasticNet,NA,NA,NA
0.9,0.20235896477251575,No,No,35,0.6044083262601289,0.39559167373987114,Fold3.Rep5,ElasticNet,NA,NA,NA
0.9,0.20235896477251575,No,No,39,0.545299415397369,0.45470058460263096,Fold3.Rep5,ElasticNet,NA,NA,NA
0.9,0.20235896477251575,Yes,Yes,40,0.16341665815938367,0.8365833418406163,Fold3.Rep5,ElasticNet,NA,NA,NA
0.9,0.20235896477251575,No,Yes,42,0.5086811666163623,0.4913188333836377,Fold3.Rep5,ElasticNet,NA,NA,NA
0.9,0.20235896477251575,Yes,Yes,47,0.3796556623964559,0.6203443376035441,Fold3.Rep5,ElasticNet,NA,NA,NA
0.9,0.20235896477251575,Yes,Yes,50,0.47966493572915725,0.5203350642708428,Fold3.Rep5,ElasticNet,NA,NA,NA
0.9,0.20235896477251575,Yes,No,55,0.2944658758349332,0.7055341241650668,Fold3.Rep5,ElasticNet,NA,NA,NA
0.9,0.20235896477251575,No,No,62,0.5155763512680562,0.4844236487319437,Fold3.Rep5,ElasticNet,NA,NA,NA
0.9,0.20235896477251575,Yes,Yes,68,0.4100400673710677,0.5899599326289323,Fold3.Rep5,ElasticNet,NA,NA,NA
0.9,0.20235896477251575,Yes,Yes,69,0.41126974132572125,0.5887302586742788,Fold3.Rep5,ElasticNet,NA,NA,NA
0.9,0.20235896477251575,Yes,No,71,0.49299767686100104,0.507002323138999,Fold3.Rep5,ElasticNet,NA,NA,NA
0.9,0.20235896477251575,Yes,Yes,78,0.42791716653405476,0.5720828334659452,Fold3.Rep4,ElasticNet,NA,NA,NA
0.9,0.20235896477251575,No,No,80,0.5059672537106015,0.49403274628939847,Fold3.Rep4,ElasticNet,NA,NA,NA
0.9,0.20235896477251575,Yes,Yes,79,0.37635703365228557,0.6236429663477144,Fold3.Rep5,ElasticNet,NA,NA,NA
0.9,0.20235896477251575,No,No,80,0.6610685788877795,0.33893142111222047,Fold3.Rep5,ElasticNet,NA,NA,NA
0.9,0.20235896477251575,Yes,Yes,24,0.3654607605483604,0.6345392394516396,Fold4.Rep5,ElasticNet,NA,NA,NA
0.9,0.20235896477251575,Yes,Yes,25,0.3987069517795687,0.6012930482204313,Fold4.Rep5,ElasticNet,NA,NA,NA
0.9,0.20235896477251575,No,No,27,0.6469593694373371,0.3530406305626629,Fold4.Rep5,ElasticNet,NA,NA,NA
0.9,0.20235896477251575,No,Yes,28,0.5650256158855766,0.43497438411442335,Fold4.Rep5,ElasticNet,NA,NA,NA
0.9,0.20235896477251575,No,No,38,0.5756672661147426,0.4243327338852574,Fold1.Rep1,ElasticNet,NA,NA,NA
0.9,0.20235896477251575,Yes,Yes,40,0.43241273223855003,0.56758726776145,Fold1.Rep1,ElasticNet,NA,NA,NA
0.9,0.20235896477251575,Yes,Yes,56,0.38554036005290016,0.6144596399470998,Fold1.Rep1,ElasticNet,NA,NA,NA
0.9,0.20235896477251575,Yes,No,66,0.42915277739131474,0.5708472226086853,Fold1.Rep1,ElasticNet,NA,NA,NA
0.9,0.20235896477251575,Yes,No,70,0.4341937900022925,0.5658062099977075,Fold1.Rep1,ElasticNet,NA,NA,NA
0.9,0.20235896477251575,Yes,No,74,0.4963079649608443,0.5036920350391557,Fold1.Rep1,ElasticNet,NA,NA,NA
0.9,0.20235896477251575,Yes,No,75,0.3547259763065014,0.6452740236934986,Fold1.Rep1,ElasticNet,NA,NA,NA
0.9,0.20235896477251575,Yes,Yes,77,0.3771587164059571,0.6228412835940429,Fold1.Rep1,ElasticNet,NA,NA,NA
0.9,0.20235896477251575,Yes,Yes,77,0.38634363787252,0.61365636212748,Fold5.Rep3,ElasticNet,NA,NA,NA
0.9,0.20235896477251575,Yes,Yes,79,0.3586674407003876,0.6413325592996124,Fold5.Rep3,ElasticNet,NA,NA,NA
0.9,0.20235896477251575,Yes,Yes,1,0.33435844094502987,0.6656415590549701,Fold5.Rep4,ElasticNet,NA,NA,NA
0.9,0.20235896477251575,No,No,2,0.5327557002407151,0.46724429975928494,Fold5.Rep4,ElasticNet,NA,NA,NA
0.9,0.20235896477251575,Yes,Yes,3,0.4971298872410892,0.5028701127589108,Fold5.Rep4,ElasticNet,NA,NA,NA
0.9,0.20235896477251575,Yes,Yes,7,0.43049274038164576,0.5695072596183542,Fold5.Rep4,ElasticNet,NA,NA,NA
0.9,0.20235896477251575,Yes,No,8,0.3975433704056448,0.6024566295943552,Fold5.Rep4,ElasticNet,NA,NA,NA
0.9,0.20235896477251575,Yes,Yes,11,0.34205155234573725,0.6579484476542627,Fold5.Rep4,ElasticNet,NA,NA,NA
0.9,0.20235896477251575,No,No,20,0.5245029081590759,0.47549709184092415,Fold1.Rep2,ElasticNet,NA,NA,NA
0.9,0.20235896477251575,No,No,27,0.6421089306922863,0.35789106930771375,Fold1.Rep2,ElasticNet,NA,NA,NA
0.9,0.20235896477251575,Yes,Yes,4,0.4650551563280717,0.5349448436719283,Fold4.Rep3,ElasticNet,NA,NA,NA
0.9,0.20235896477251575,Yes,Yes,11,0.4715700896378989,0.5284299103621011,Fold3.Rep5,ElasticNet,NA,NA,NA
0.9,0.20235896477251575,Yes,Yes,31,0.3295554133645815,0.6704445866354185,Fold5.Rep4,ElasticNet,NA,NA,NA
0.9,0.20235896477251575,Yes,Yes,36,0.38529919603109297,0.614700803968907,Fold5.Rep4,ElasticNet,NA,NA,NA
0.9,0.20235896477251575,Yes,No,48,0.43614178605659626,0.5638582139434037,Fold5.Rep4,ElasticNet,NA,NA,NA
0.9,0.20235896477251575,Yes,No,53,0.369225738560505,0.630774261439495,Fold5.Rep4,ElasticNet,NA,NA,NA
0.9,0.20235896477251575,No,Yes,3,0.5028968213814207,0.4971031786185794,Fold3.Rep1,ElasticNet,NA,NA,NA
0.9,0.20235896477251575,Yes,No,8,0.47224067313539053,0.5277593268646095,Fold3.Rep1,ElasticNet,NA,NA,NA
0.9,0.20235896477251575,Yes,Yes,13,0.39316068076090094,0.6068393192390991,Fold3.Rep1,ElasticNet,NA,NA,NA
0.9,0.20235896477251575,Yes,Yes,14,0.40850271253610826,0.5914972874638917,Fold3.Rep1,ElasticNet,NA,NA,NA
0.9,0.20235896477251575,Yes,Yes,15,0.44741957306609126,0.5525804269339087,Fold3.Rep1,ElasticNet,NA,NA,NA
0.9,0.20235896477251575,Yes,No,16,0.41487187229712397,0.585128127702876,Fold3.Rep1,ElasticNet,NA,NA,NA
0.9,0.20235896477251575,No,No,17,0.5867596602749666,0.4132403397250334,Fold3.Rep1,ElasticNet,NA,NA,NA
0.9,0.20235896477251575,Yes,Yes,23,0.43241229438906703,0.567587705610933,Fold3.Rep1,ElasticNet,NA,NA,NA
0.9,0.20235896477251575,Yes,Yes,31,0.39380959463412435,0.6061904053658757,Fold3.Rep1,ElasticNet,NA,NA,NA
0.9,0.20235896477251575,No,No,2,0.5287956843591837,0.4712043156408163,Fold4.Rep1,ElasticNet,NA,NA,NA
0.9,0.20235896477251575,Yes,Yes,12,0.41875941167983144,0.5812405883201686,Fold4.Rep5,ElasticNet,NA,NA,NA
0.9,0.20235896477251575,Yes,No,16,0.38749243523722676,0.6125075647627732,Fold4.Rep5,ElasticNet,NA,NA,NA
0.9,0.20235896477251575,No,No,27,0.5962054908839831,0.40379450911601694,Fold5.Rep3,ElasticNet,NA,NA,NA
0.9,0.20235896477251575,No,Yes,28,0.5469221009386394,0.45307789906136064,Fold5.Rep3,ElasticNet,NA,NA,NA
0.9,0.20235896477251575,Yes,Yes,33,0.38933862265614694,0.6106613773438531,Fold1.Rep1,ElasticNet,NA,NA,NA
0.9,0.20235896477251575,No,No,35,0.6808937665579333,0.31910623344206673,Fold1.Rep1,ElasticNet,NA,NA,NA
0.9,0.20235896477251575,Yes,No,21,0.3916536757871192,0.6083463242128808,Fold1.Rep3,ElasticNet,NA,NA,NA
0.9,0.20235896477251575,Yes,Yes,26,0.41840767749422336,0.5815923225057766,Fold1.Rep3,ElasticNet,NA,NA,NA
0.9,0.20235896477251575,Yes,Yes,31,0.39267080316370706,0.6073291968362929,Fold1.Rep3,ElasticNet,NA,NA,NA
0.9,0.20235896477251575,No,Yes,34,0.5641575974148804,0.43584240258511964,Fold1.Rep3,ElasticNet,NA,NA,NA
0.9,0.20235896477251575,Yes,Yes,36,0.4242187622622622,0.5757812377377378,Fold1.Rep3,ElasticNet,NA,NA,NA
0.9,0.20235896477251575,No,No,37,0.60243524011463,0.39756475988537004,Fold1.Rep3,ElasticNet,NA,NA,NA
0.9,0.20235896477251575,No,No,58,0.5932770728163803,0.4067229271836197,Fold1.Rep3,ElasticNet,NA,NA,NA
0.9,0.20235896477251575,Yes,Yes,59,0.39485076040128375,0.6051492395987162,Fold1.Rep3,ElasticNet,NA,NA,NA
0.9,0.20235896477251575,Yes,No,66,0.4215024431558476,0.5784975568441524,Fold1.Rep3,ElasticNet,NA,NA,NA
0.9,0.20235896477251575,Yes,Yes,68,0.42004713659683846,0.5799528634031615,Fold1.Rep3,ElasticNet,NA,NA,NA
0.9,0.20235896477251575,No,No,74,0.606781456483352,0.39321854351664803,Fold1.Rep3,ElasticNet,NA,NA,NA
0.9,0.20235896477251575,Yes,Yes,24,0.37004577062043864,0.6299542293795614,Fold2.Rep1,ElasticNet,NA,NA,NA
0.9,0.20235896477251575,Yes,Yes,25,0.406339597724623,0.593660402275377,Fold2.Rep1,ElasticNet,NA,NA,NA
0.9,0.20235896477251575,No,Yes,28,0.5263166199249412,0.47368338007505884,Fold2.Rep1,ElasticNet,NA,NA,NA
0.9,0.20235896477251575,No,No,29,0.7568220495945446,0.24317795040545537,Fold2.Rep1,ElasticNet,NA,NA,NA
0.9,0.20235896477251575,No,Yes,34,0.6535864949438663,0.3464135050561336,Fold2.Rep1,ElasticNet,NA,NA,NA
0.9,0.20235896477251575,Yes,Yes,14,0.39637665580102976,0.6036233441989702,Fold5.Rep4,ElasticNet,NA,NA,NA
0.9,0.20235896477251575,Yes,No,21,0.3371514833579816,0.6628485166420184,Fold5.Rep4,ElasticNet,NA,NA,NA
0.9,0.20235896477251575,No,Yes,28,0.5195588001905136,0.4804411998094864,Fold5.Rep4,ElasticNet,NA,NA,NA
0.9,0.20235896477251575,Yes,No,30,0.45457563730680006,0.5454243626931999,Fold5.Rep4,ElasticNet,NA,NA,NA
0.9,0.20235896477251575,Yes,No,53,0.4308500945313001,0.5691499054686999,Fold2.Rep1,ElasticNet,NA,NA,NA
0.9,0.20235896477251575,Yes,Yes,54,0.4495159391917485,0.5504840608082515,Fold2.Rep1,ElasticNet,NA,NA,NA
0.9,0.20235896477251575,No,No,62,0.5001792708018726,0.49982072919812737,Fold2.Rep1,ElasticNet,NA,NA,NA
0.9,0.20235896477251575,Yes,Yes,63,0.4830788744159321,0.5169211255840679,Fold2.Rep1,ElasticNet,NA,NA,NA
0.9,0.20235896477251575,No,No,73,0.6053666487450374,0.39463335125496257,Fold2.Rep1,ElasticNet,NA,NA,NA
0.9,0.20235896477251575,No,No,18,0.6076099807477381,0.3923900192522619,Fold4.Rep3,ElasticNet,NA,NA,NA
0.9,0.20235896477251575,Yes,Yes,32,0.38609602463120707,0.6139039753687929,Fold4.Rep3,ElasticNet,NA,NA,NA
0.9,0.20235896477251575,Yes,No,53,0.4526163601677401,0.5473836398322599,Fold4.Rep3,ElasticNet,NA,NA,NA
0.9,0.20235896477251575,Yes,Yes,54,0.4277918218825396,0.5722081781174604,Fold4.Rep3,ElasticNet,NA,NA,NA
0.9,0.20235896477251575,Yes,No,55,0.4212586410466941,0.5787413589533059,Fold4.Rep3,ElasticNet,NA,NA,NA
0.9,0.20235896477251575,Yes,No,60,0.49506861152824333,0.5049313884717567,Fold4.Rep3,ElasticNet,NA,NA,NA
0.9,0.20235896477251575,Yes,Yes,61,0.41905972862684393,0.5809402713731561,Fold4.Rep3,ElasticNet,NA,NA,NA
0.9,0.20235896477251575,No,Yes,64,0.6440972161199776,0.3559027838800224,Fold4.Rep3,ElasticNet,NA,NA,NA
0.9,0.20235896477251575,No,No,67,0.5866763857303896,0.41332361426961045,Fold4.Rep3,ElasticNet,NA,NA,NA
0.9,0.20235896477251575,Yes,Yes,78,0.39058204948055597,0.609417950519444,Fold4.Rep3,ElasticNet,NA,NA,NA
0.9,0.20235896477251575,No,No,80,0.6979603530984478,0.30203964690155216,Fold4.Rep3,ElasticNet,NA,NA,NA
0.9,0.20235896477251575,No,No,20,0.5176133135265226,0.4823866864734774,Fold4.Rep5,ElasticNet,NA,NA,NA
0.9,0.20235896477251575,No,No,5,0.5266685275946346,0.47333147240536544,Fold1.Rep3,ElasticNet,NA,NA,NA
0.9,0.20235896477251575,Yes,Yes,14,0.4174962901170697,0.5825037098829303,Fold1.Rep3,ElasticNet,NA,NA,NA
0.9,0.20235896477251575,Yes,Yes,19,0.4245752460611443,0.5754247539388557,Fold1.Rep3,ElasticNet,NA,NA,NA
0.9,0.20235896477251575,Yes,Yes,4,0.476383008643923,0.523616991356077,Fold5.Rep5,ElasticNet,NA,NA,NA
0.9,0.20235896477251575,Yes,Yes,7,0.4397730485401177,0.5602269514598823,Fold5.Rep5,ElasticNet,NA,NA,NA
0.9,0.20235896477251575,Yes,Yes,15,0.46040093501684876,0.5395990649831512,Fold5.Rep5,ElasticNet,NA,NA,NA
0.9,0.20235896477251575,No,No,17,0.5452690509597268,0.4547309490402732,Fold5.Rep5,ElasticNet,NA,NA,NA
0.9,0.20235896477251575,No,No,18,0.5560360749609179,0.4439639250390821,Fold5.Rep5,ElasticNet,NA,NA,NA
0.9,0.20235896477251575,No,Yes,31,0.5044001177993968,0.49559988220060325,Fold5.Rep5,ElasticNet,NA,NA,NA
0.9,0.20235896477251575,Yes,Yes,33,0.4976666318862616,0.5023333681137384,Fold5.Rep5,ElasticNet,NA,NA,NA
0.9,0.20235896477251575,Yes,Yes,34,0.4542560213763225,0.5457439786236775,Fold5.Rep5,ElasticNet,NA,NA,NA
0.9,0.20235896477251575,Yes,Yes,36,0.46059883957575765,0.5394011604242424,Fold5.Rep5,ElasticNet,NA,NA,NA
0.9,0.20235896477251575,Yes,No,48,0.4986915696400803,0.5013084303599197,Fold5.Rep5,ElasticNet,NA,NA,NA
0.9,0.20235896477251575,Yes,No,57,0.47732608925760234,0.5226739107423977,Fold5.Rep5,ElasticNet,NA,NA,NA
0.9,0.20235896477251575,No,No,58,0.5119018715094313,0.48809812849056866,Fold5.Rep5,ElasticNet,NA,NA,NA
0.9,0.20235896477251575,Yes,No,65,0.4663278699933684,0.5336721300066316,Fold5.Rep5,ElasticNet,NA,NA,NA
0.9,0.20235896477251575,No,No,74,0.5043529581681543,0.4956470418318457,Fold5.Rep5,ElasticNet,NA,NA,NA
0.9,0.20235896477251575,No,No,76,0.5042996932400174,0.4957003067599825,Fold5.Rep5,ElasticNet,NA,NA,NA
0.9,0.20235896477251575,Yes,Yes,78,0.3944442921520588,0.6055557078479412,Fold5.Rep5,ElasticNet,NA,NA,NA
0.9,0.20235896477251575,No,No,39,0.5698377975364988,0.4301622024635013,Fold2.Rep1,ElasticNet,NA,NA,NA
0.9,0.20235896477251575,No,Yes,42,0.6033339264754887,0.3966660735245114,Fold2.Rep1,ElasticNet,NA,NA,NA
0.9,0.20235896477251575,Yes,No,43,0.3728185360125651,0.6271814639874349,Fold2.Rep1,ElasticNet,NA,NA,NA
0.9,0.20235896477251575,No,Yes,49,0.5086241657379234,0.4913758342620766,Fold2.Rep1,ElasticNet,NA,NA,NA
0.9,0.20235896477251575,Yes,Yes,4,0.45397551022113314,0.5460244897788669,Fold3.Rep4,ElasticNet,NA,NA,NA
0.9,0.20235896477251575,No,No,6,0.6625071077509477,0.33749289224905227,Fold3.Rep4,ElasticNet,NA,NA,NA
0.9,0.20235896477251575,Yes,Yes,15,0.4539521051796631,0.5460478948203369,Fold3.Rep4,ElasticNet,NA,NA,NA
0.9,0.20235896477251575,No,No,18,0.5944686679593503,0.4055313320406498,Fold3.Rep4,ElasticNet,NA,NA,NA
0.9,0.20235896477251575,Yes,Yes,19,0.45398861512657596,0.546011384873424,Fold3.Rep4,ElasticNet,NA,NA,NA
0.9,0.20235896477251575,Yes,Yes,23,0.4247740835246183,0.5752259164753817,Fold3.Rep4,ElasticNet,NA,NA,NA
0.9,0.20235896477251575,Yes,Yes,24,0.42122733520308664,0.5787726647969134,Fold3.Rep4,ElasticNet,NA,NA,NA
0.9,0.20235896477251575,No,Yes,34,0.6347860531067456,0.36521394689325437,Fold3.Rep4,ElasticNet,NA,NA,NA
0.9,0.20235896477251575,Yes,No,38,0.4804775632428978,0.5195224367571022,Fold3.Rep4,ElasticNet,NA,NA,NA
0.9,0.20235896477251575,Yes,No,57,0.48330296075730184,0.5166970392426982,Fold3.Rep4,ElasticNet,NA,NA,NA
0.9,0.20235896477251575,Yes,Yes,69,0.4553337381060065,0.5446662618939935,Fold3.Rep4,ElasticNet,NA,NA,NA
0.9,0.20235896477251575,No,No,73,0.5412338327149842,0.4587661672850158,Fold3.Rep4,ElasticNet,NA,NA,NA
0.9,0.20235896477251575,No,No,76,0.5649158522497234,0.4350841477502766,Fold3.Rep4,ElasticNet,NA,NA,NA
0.9,0.20235896477251575,Yes,Yes,1,0.37999489209313964,0.6200051079068604,Fold1.Rep1,ElasticNet,NA,NA,NA
0.9,0.20235896477251575,Yes,Yes,4,0.45721416442831553,0.5427858355716845,Fold1.Rep1,ElasticNet,NA,NA,NA
0.9,0.20235896477251575,Yes,No,5,0.4912002544820202,0.5087997455179798,Fold1.Rep1,ElasticNet,NA,NA,NA
0.9,0.20235896477251575,No,Yes,10,0.538256854157454,0.4617431458425461,Fold1.Rep1,ElasticNet,NA,NA,NA
0.9,0.20235896477251575,Yes,Yes,19,0.4139920788193766,0.5860079211806234,Fold1.Rep1,ElasticNet,NA,NA,NA
0.9,0.20235896477251575,No,No,27,0.5702918966040575,0.42970810339594245,Fold1.Rep1,ElasticNet,NA,NA,NA
0.9,0.20235896477251575,Yes,Yes,4,0.4551519575777059,0.5448480424222941,Fold2.Rep2,ElasticNet,NA,NA,NA
0.9,0.20235896477251575,No,No,5,0.5064093060713073,0.4935906939286927,Fold2.Rep2,ElasticNet,NA,NA,NA
0.9,0.20235896477251575,No,No,6,0.6526701713304566,0.3473298286695435,Fold2.Rep2,ElasticNet,NA,NA,NA
0.9,0.20235896477251575,Yes,No,8,0.46285298587232215,0.5371470141276778,Fold2.Rep2,ElasticNet,NA,NA,NA
0.9,0.20235896477251575,Yes,Yes,13,0.42582015623521385,0.5741798437647861,Fold2.Rep2,ElasticNet,NA,NA,NA
0.9,0.20235896477251575,No,No,18,0.6060886842379022,0.3939113157620978,Fold2.Rep2,ElasticNet,NA,NA,NA
0.9,0.20235896477251575,Yes,Yes,19,0.43155177162149894,0.5684482283785011,Fold2.Rep2,ElasticNet,NA,NA,NA
0.9,0.20235896477251575,Yes,Yes,26,0.4169077641112431,0.5830922358887569,Fold2.Rep2,ElasticNet,NA,NA,NA
0.9,0.20235896477251575,No,Yes,34,0.5444693081109074,0.45553069188909256,Fold2.Rep2,ElasticNet,NA,NA,NA
0.9,0.20235896477251575,No,No,37,0.5856673873373672,0.4143326126626327,Fold2.Rep2,ElasticNet,NA,NA,NA
0.9,0.20235896477251575,Yes,No,43,0.3685440937094191,0.6314559062905809,Fold2.Rep2,ElasticNet,NA,NA,NA
0.9,0.20235896477251575,Yes,Yes,7,0.4022097400914949,0.5977902599085051,Fold5.Rep1,ElasticNet,NA,NA,NA
0.9,0.20235896477251575,Yes,Yes,11,0.4949754105093669,0.5050245894906331,Fold5.Rep1,ElasticNet,NA,NA,NA
0.9,0.20235896477251575,Yes,Yes,12,0.4432514967954666,0.5567485032045334,Fold5.Rep1,ElasticNet,NA,NA,NA
0.9,0.20235896477251575,No,No,18,0.6306614233689892,0.3693385766310108,Fold5.Rep1,ElasticNet,NA,NA,NA
0.9,0.20235896477251575,No,No,22,0.5396593613479432,0.46034063865205677,Fold5.Rep1,ElasticNet,NA,NA,NA
0.9,0.20235896477251575,Yes,Yes,36,0.4528130212798315,0.5471869787201685,Fold5.Rep1,ElasticNet,NA,NA,NA
0.9,0.20235896477251575,No,No,37,0.529314443654411,0.47068555634558895,Fold5.Rep1,ElasticNet,NA,NA,NA
0.9,0.20235896477251575,Yes,Yes,41,0.42708572576602644,0.5729142742339736,Fold5.Rep1,ElasticNet,NA,NA,NA
0.9,0.20235896477251575,Yes,Yes,50,0.47445709062077435,0.5255429093792257,Fold5.Rep1,ElasticNet,NA,NA,NA
0.9,0.20235896477251575,Yes,No,55,0.44425220877198157,0.5557477912280184,Fold5.Rep1,ElasticNet,NA,NA,NA
0.9,0.20235896477251575,Yes,No,60,0.48970637473319467,0.5102936252668053,Fold5.Rep1,ElasticNet,NA,NA,NA
0.9,0.20235896477251575,Yes,Yes,61,0.44855141133978094,0.5514485886602191,Fold5.Rep1,ElasticNet,NA,NA,NA
0.9,0.20235896477251575,No,Yes,64,0.6464012059922343,0.3535987940077657,Fold5.Rep1,ElasticNet,NA,NA,NA
0.9,0.20235896477251575,No,No,67,0.6725362282845961,0.32746377171540386,Fold5.Rep1,ElasticNet,NA,NA,NA
0.9,0.20235896477251575,Yes,Yes,69,0.42162691440940847,0.5783730855905915,Fold5.Rep1,ElasticNet,NA,NA,NA
0.9,0.20235896477251575,No,No,76,0.6551851313618209,0.34481486863817906,Fold5.Rep1,ElasticNet,NA,NA,NA
0.9,0.20235896477251575,No,No,80,0.7141469989982694,0.2858530010017306,Fold5.Rep1,ElasticNet,NA,NA,NA
0.9,0.20235896477251575,No,Yes,42,0.5822013444879864,0.41779865551201356,Fold1.Rep2,ElasticNet,NA,NA,NA
0.9,0.20235896477251575,No,No,44,0.5085392053600397,0.4914607946399603,Fold1.Rep2,ElasticNet,NA,NA,NA
0.9,0.20235896477251575,Yes,Yes,50,0.4812745062986241,0.5187254937013759,Fold1.Rep2,ElasticNet,NA,NA,NA
0.9,0.20235896477251575,Yes,Yes,63,0.46530733982663985,0.5346926601733601,Fold1.Rep2,ElasticNet,NA,NA,NA
0.9,0.20235896477251575,No,Yes,64,0.7185721557335978,0.28142784426640227,Fold1.Rep2,ElasticNet,NA,NA,NA
0.9,0.20235896477251575,No,No,67,0.6186573721124089,0.38134262788759105,Fold1.Rep2,ElasticNet,NA,NA,NA
0.9,0.20235896477251575,No,No,71,0.5962485781162663,0.40375142188373364,Fold1.Rep2,ElasticNet,NA,NA,NA
0.9,0.20235896477251575,Yes,No,44,0.4482245863326223,0.5517754136673777,Fold3.Rep1,ElasticNet,NA,NA,NA
0.9,0.20235896477251575,Yes,No,45,0.4402772990909788,0.5597227009090212,Fold3.Rep1,ElasticNet,NA,NA,NA
0.9,0.20235896477251575,No,No,48,0.5021941374355456,0.49780586256445436,Fold3.Rep1,ElasticNet,NA,NA,NA
0.9,0.20235896477251575,Yes,No,2,0.49587306341807824,0.5041269365819218,Fold1.Rep3,ElasticNet,NA,NA,NA
0.9,0.20235896477251575,No,No,2,0.546134165866242,0.45386583413375803,Fold4.Rep2,ElasticNet,NA,NA,NA
0.9,0.20235896477251575,No,Yes,10,0.5680213179372198,0.4319786820627802,Fold1.Rep4,ElasticNet,NA,NA,NA
0.9,0.20235896477251575,Yes,Yes,12,0.39825312789081746,0.6017468721091825,Fold1.Rep4,ElasticNet,NA,NA,NA
0.9,0.20235896477251575,Yes,No,16,0.36453603134714463,0.6354639686528554,Fold1.Rep4,ElasticNet,NA,NA,NA
0.9,0.20235896477251575,Yes,No,22,0.49984716464005274,0.5001528353599473,Fold1.Rep4,ElasticNet,NA,NA,NA
0.9,0.20235896477251575,Yes,Yes,25,0.36213487860414695,0.637865121395853,Fold1.Rep4,ElasticNet,NA,NA,NA
0.9,0.20235896477251575,Yes,Yes,32,0.38297312153001806,0.6170268784699819,Fold1.Rep4,ElasticNet,NA,NA,NA
0.9,0.20235896477251575,No,No,35,0.7768943962508901,0.22310560374910995,Fold1.Rep4,ElasticNet,NA,NA,NA
0.9,0.20235896477251575,No,No,37,0.6499086614819646,0.3500913385180354,Fold1.Rep4,ElasticNet,NA,NA,NA
0.9,0.20235896477251575,No,No,39,0.5718985725500685,0.42810142744993157,Fold1.Rep4,ElasticNet,NA,NA,NA
0.9,0.20235896477251575,Yes,Yes,47,0.37083895358448626,0.6291610464155137,Fold1.Rep4,ElasticNet,NA,NA,NA
0.9,0.20235896477251575,No,Yes,49,0.5418112205274179,0.45818877947258213,Fold1.Rep4,ElasticNet,NA,NA,NA
0.9,0.20235896477251575,No,Yes,51,0.5524516165617929,0.44754838343820713,Fold1.Rep4,ElasticNet,NA,NA,NA
0.9,0.20235896477251575,Yes,Yes,52,0.3786388051766424,0.6213611948233576,Fold1.Rep4,ElasticNet,NA,NA,NA
0.9,0.20235896477251575,Yes,No,55,0.4038403012104711,0.5961596987895289,Fold1.Rep4,ElasticNet,NA,NA,NA
0.9,0.20235896477251575,No,Yes,64,0.7041011334529266,0.29589886654707337,Fold1.Rep4,ElasticNet,NA,NA,NA
0.9,0.20235896477251575,Yes,No,66,0.42011727139726107,0.5798827286027389,Fold1.Rep4,ElasticNet,NA,NA,NA
0.9,0.20235896477251575,No,No,71,0.6731481300212583,0.3268518699787417,Fold1.Rep4,ElasticNet,NA,NA,NA
0.9,0.20235896477251575,Yes,Yes,46,0.39555674310701927,0.6044432568929807,Fold5.Rep2,ElasticNet,NA,NA,NA
0.9,0.20235896477251575,Yes,Yes,59,0.39286054923890357,0.6071394507610964,Fold5.Rep2,ElasticNet,NA,NA,NA
0.9,0.20235896477251575,Yes,No,60,0.46524673693949037,0.5347532630605096,Fold5.Rep2,ElasticNet,NA,NA,NA
0.9,0.20235896477251575,Yes,Yes,61,0.4367170368271387,0.5632829631728613,Fold5.Rep2,ElasticNet,NA,NA,NA
0.9,0.20235896477251575,Yes,No,66,0.41670808937953996,0.58329191062046,Fold5.Rep2,ElasticNet,NA,NA,NA
0.9,0.20235896477251575,No,No,72,0.5090489116801603,0.4909510883198397,Fold5.Rep2,ElasticNet,NA,NA,NA
0.9,0.20235896477251575,No,No,80,0.6764018395596734,0.32359816044032663,Fold5.Rep2,ElasticNet,NA,NA,NA
0.9,0.20235896477251575,No,No,58,0.6193900825242533,0.3806099174757467,Fold2.Rep1,ElasticNet,NA,NA,NA
0.9,0.20235896477251575,No,No,2,0.5054677931025342,0.49453220689746585,Fold1.Rep5,ElasticNet,NA,NA,NA
0.9,0.20235896477251575,Yes,Yes,3,0.4953032731092232,0.5046967268907768,Fold1.Rep5,ElasticNet,NA,NA,NA
0.9,0.20235896477251575,Yes,No,8,0.43663872098893053,0.5633612790110695,Fold1.Rep5,ElasticNet,NA,NA,NA
0.9,0.20235896477251575,No,Yes,10,0.5585476740215831,0.44145232597841694,Fold1.Rep5,ElasticNet,NA,NA,NA
0.9,0.20235896477251575,Yes,No,21,0.33330739187681,0.66669260812319,Fold1.Rep5,ElasticNet,NA,NA,NA
0.9,0.20235896477251575,Yes,Yes,23,0.39184681317390746,0.6081531868260925,Fold1.Rep5,ElasticNet,NA,NA,NA
0.9,0.20235896477251575,Yes,Yes,26,0.40680327146970086,0.5931967285302991,Fold1.Rep5,ElasticNet,NA,NA,NA
0.9,0.20235896477251575,No,No,30,0.5521215901558707,0.44787840984412924,Fold1.Rep5,ElasticNet,NA,NA,NA
0.9,0.20235896477251575,Yes,Yes,32,0.39310055617892103,0.606899443821079,Fold1.Rep5,ElasticNet,NA,NA,NA
0.9,0.20235896477251575,No,No,44,0.5156469618478994,0.4843530381521007,Fold1.Rep5,ElasticNet,NA,NA,NA
0.9,0.20235896477251575,Yes,No,45,0.4144654554053404,0.5855345445946596,Fold1.Rep5,ElasticNet,NA,NA,NA
0.9,0.20235896477251575,No,Yes,49,0.5292035977142464,0.47079640228575353,Fold1.Rep5,ElasticNet,NA,NA,NA
0.9,0.20235896477251575,Yes,Yes,54,0.3881365533927905,0.6118634466072095,Fold1.Rep5,ElasticNet,NA,NA,NA
0.9,0.20235896477251575,Yes,Yes,59,0.37096451680706555,0.6290354831929345,Fold1.Rep5,ElasticNet,NA,NA,NA
0.9,0.20235896477251575,Yes,No,66,0.41528232840397505,0.584717671596025,Fold1.Rep5,ElasticNet,NA,NA,NA
0.9,0.20235896477251575,No,No,73,0.5779461512490182,0.42205384875098184,Fold1.Rep5,ElasticNet,NA,NA,NA
0.9,0.20235896477251575,Yes,Yes,1,0.4524292617345388,0.5475707382654612,Fold5.Rep5,ElasticNet,NA,NA,NA
0.9,0.20235896477251575,Yes,No,5,0.49557113130493036,0.5044288686950696,Fold4.Rep4,ElasticNet,NA,NA,NA
0.9,0.20235896477251575,Yes,No,20,0.48455515399066207,0.5154448460093379,Fold4.Rep4,ElasticNet,NA,NA,NA
0.9,0.20235896477251575,No,No,29,0.6691166203184107,0.3308833796815894,Fold4.Rep4,ElasticNet,NA,NA,NA
0.9,0.20235896477251575,No,Yes,42,0.5445546370408256,0.45544536295917437,Fold4.Rep4,ElasticNet,NA,NA,NA
0.9,0.20235896477251575,Yes,Yes,46,0.3968177373853924,0.6031822626146076,Fold4.Rep4,ElasticNet,NA,NA,NA
0.9,0.20235896477251575,Yes,Yes,50,0.4802474707698575,0.5197525292301425,Fold4.Rep4,ElasticNet,NA,NA,NA
0.9,0.20235896477251575,No,No,58,0.5813914336757902,0.4186085663242099,Fold4.Rep4,ElasticNet,NA,NA,NA
0.9,0.20235896477251575,Yes,Yes,59,0.415610610836592,0.584389389163408,Fold4.Rep4,ElasticNet,NA,NA,NA
0.9,0.20235896477251575,Yes,Yes,61,0.41738575529773414,0.5826142447022659,Fold4.Rep4,ElasticNet,NA,NA,NA
NA,NA,No,Yes,33,0.5323333333333333,0.4676666666666667,Fold5.Rep5,RandomForest,250,gini,3
NA,NA,No,No,70,0.5126666666666666,0.4873333333333334,Fold4.Rep5,RandomForest,250,gini,3
NA,NA,Yes,Yes,23,0.2786666666666666,0.7213333333333333,Fold4.Rep2,RandomForest,250,gini,3
NA,NA,Yes,Yes,34,0.42933333333333334,0.5706666666666667,Fold5.Rep5,RandomForest,250,gini,3
NA,NA,Yes,Yes,24,0.23199999999999998,0.768,Fold4.Rep2,RandomForest,250,gini,3
NA,NA,Yes,Yes,33,0.45566666666666666,0.5443333333333333,Fold4.Rep2,RandomForest,250,gini,3
NA,NA,No,No,22,0.614,0.38600000000000007,Fold4.Rep2,RandomForest,250,gini,3
NA,NA,Yes,Yes,19,0.4633333333333333,0.5366666666666667,Fold3.Rep4,RandomForest,250,gini,3
NA,NA,Yes,Yes,36,0.439,0.561,Fold5.Rep5,RandomForest,250,gini,3
NA,NA,Yes,Yes,24,0.16000000000000003,0.84,Fold2.Rep1,RandomForest,250,gini,3
NA,NA,No,Yes,50,0.539,0.461,Fold4.Rep4,RandomForest,250,gini,3
NA,NA,Yes,No,55,0.342,0.658,Fold4.Rep3,RandomForest,250,gini,3
NA,NA,No,Yes,31,0.7146666666666667,0.2853333333333334,Fold5.Rep5,RandomForest,250,gini,3
NA,NA,No,Yes,64,0.657,0.343,Fold4.Rep5,RandomForest,250,gini,3
NA,NA,Yes,Yes,14,0.19466666666666668,0.8053333333333332,Fold3.Rep1,RandomForest,250,gini,3
NA,NA,No,No,18,0.6616666666666666,0.3383333333333333,Fold3.Rep4,RandomForest,250,gini,3
NA,NA,Yes,Yes,34,0.3103333333333333,0.6896666666666669,Fold1.Rep3,RandomForest,250,gini,3
NA,NA,No,No,48,0.5833333333333334,0.4166666666666667,Fold4.Rep2,RandomForest,250,gini,3
NA,NA,No,No,67,0.8603333333333334,0.13966666666666666,Fold4.Rep5,RandomForest,250,gini,3
NA,NA,Yes,Yes,25,0.389,0.611,Fold2.Rep1,RandomForest,250,gini,3
NA,NA,No,Yes,28,0.5849999999999999,0.415,Fold2.Rep1,RandomForest,250,gini,3
NA,NA,No,No,72,0.5813333333333334,0.4186666666666666,Fold4.Rep4,RandomForest,250,gini,3
NA,NA,No,Yes,51,0.751,0.24900000000000005,Fold4.Rep2,RandomForest,250,gini,3
NA,NA,Yes,Yes,9,0.155,0.845,Fold4.Rep2,RandomForest,250,gini,3
NA,NA,Yes,Yes,79,0.489,0.511,Fold4.Rep4,RandomForest,250,gini,3
NA,NA,Yes,Yes,14,0.17733333333333334,0.8226666666666668,Fold4.Rep2,RandomForest,250,gini,3
NA,NA,No,No,6,0.7803333333333332,0.21966666666666665,Fold3.Rep4,RandomForest,250,gini,3
NA,NA,Yes,Yes,15,0.4446666666666667,0.5553333333333332,Fold3.Rep4,RandomForest,250,gini,3
NA,NA,Yes,Yes,46,0.3320000000000001,0.668,Fold4.Rep4,RandomForest,250,gini,3
NA,NA,Yes,No,62,0.415,0.585,Fold2.Rep4,RandomForest,250,gini,3
NA,NA,Yes,No,65,0.408,0.592,Fold2.Rep4,RandomForest,250,gini,3
NA,NA,Yes,Yes,33,0.4583333333333334,0.5416666666666665,Fold2.Rep4,RandomForest,250,gini,3
NA,NA,No,No,58,0.6676666666666666,0.3323333333333333,Fold5.Rep5,RandomForest,250,gini,3
NA,NA,No,No,53,0.6203333333333334,0.3796666666666667,Fold4.Rep2,RandomForest,250,gini,3
NA,NA,Yes,No,55,0.3176666666666667,0.6823333333333333,Fold4.Rep2,RandomForest,250,gini,3
NA,NA,Yes,No,43,0.2643333333333333,0.7356666666666665,Fold2.Rep4,RandomForest,250,gini,3
NA,NA,Yes,Yes,3,0.497,0.503,Fold3.Rep1,RandomForest,250,gini,3
NA,NA,Yes,No,8,0.42933333333333334,0.5706666666666668,Fold3.Rep1,RandomForest,250,gini,3
NA,NA,Yes,Yes,13,0.3446666666666667,0.6553333333333333,Fold3.Rep1,RandomForest,250,gini,3
NA,NA,Yes,No,60,0.43300000000000005,0.567,Fold4.Rep3,RandomForest,250,gini,3
NA,NA,Yes,Yes,61,0.4296666666666667,0.5703333333333332,Fold4.Rep3,RandomForest,250,gini,3
NA,NA,Yes,No,60,0.452,0.548,Fold2.Rep4,RandomForest,250,gini,3
NA,NA,Yes,Yes,15,0.4099999999999999,0.5899999999999999,Fold3.Rep1,RandomForest,250,gini,3
NA,NA,No,Yes,42,0.7866666666666666,0.21333333333333335,Fold4.Rep4,RandomForest,250,gini,3
NA,NA,No,No,48,0.6696666666666665,0.3303333333333333,Fold5.Rep5,RandomForest,250,gini,3
NA,NA,No,No,57,0.601,0.399,Fold5.Rep5,RandomForest,250,gini,3
NA,NA,Yes,Yes,24,0.2453333333333333,0.7546666666666666,Fold3.Rep4,RandomForest,250,gini,3
NA,NA,Yes,Yes,41,0.3763333333333333,0.6236666666666666,Fold2.Rep4,RandomForest,250,gini,3
NA,NA,No,No,38,0.6446666666666666,0.35533333333333333,Fold3.Rep4,RandomForest,250,gini,3
NA,NA,No,No,74,0.7436666666666666,0.25633333333333336,Fold4.Rep4,RandomForest,250,gini,3
NA,NA,Yes,No,75,0.18533333333333335,0.8146666666666668,Fold4.Rep4,RandomForest,250,gini,3
NA,NA,Yes,Yes,77,0.17133333333333337,0.8286666666666668,Fold4.Rep4,RandomForest,250,gini,3
NA,NA,No,No,2,0.625,0.375,Fold4.Rep2,RandomForest,250,gini,3
NA,NA,Yes,Yes,56,0.4223333333333334,0.5776666666666667,Fold2.Rep4,RandomForest,250,gini,3
NA,NA,No,No,76,0.6376666666666667,0.36233333333333334,Fold4.Rep2,RandomForest,250,gini,3
NA,NA,No,Yes,31,0.5293333333333334,0.4706666666666666,Fold1.Rep3,RandomForest,250,gini,3
NA,NA,No,No,20,0.6983333333333333,0.30166666666666664,Fold1.Rep2,RandomForest,250,gini,3
NA,NA,Yes,Yes,36,0.41800000000000004,0.5820000000000001,Fold1.Rep3,RandomForest,250,gini,3
NA,NA,No,No,37,0.5803333333333334,0.41966666666666663,Fold1.Rep3,RandomForest,250,gini,3
NA,NA,No,No,58,0.6673333333333333,0.3326666666666666,Fold1.Rep3,RandomForest,250,gini,3
NA,NA,Yes,Yes,34,0.35033333333333333,0.6496666666666666,Fold3.Rep4,RandomForest,250,gini,3
NA,NA,No,Yes,63,0.5783333333333333,0.42166666666666663,Fold4.Rep4,RandomForest,250,gini,3
NA,NA,No,No,57,0.687,0.313,Fold3.Rep4,RandomForest,250,gini,3
NA,NA,No,No,29,0.8923333333333333,0.10766666666666666,Fold2.Rep1,RandomForest,250,gini,3
NA,NA,Yes,Yes,34,0.37633333333333335,0.6236666666666667,Fold2.Rep1,RandomForest,250,gini,3
NA,NA,No,No,39,0.6093333333333334,0.3906666666666666,Fold2.Rep1,RandomForest,250,gini,3
NA,NA,Yes,No,75,0.15300000000000002,0.8470000000000001,Fold4.Rep2,RandomForest,250,gini,3
NA,NA,Yes,No,60,0.48066666666666674,0.5193333333333332,Fold4.Rep5,RandomForest,250,gini,3
NA,NA,Yes,Yes,61,0.4456666666666667,0.5543333333333333,Fold4.Rep5,RandomForest,250,gini,3
NA,NA,No,Yes,49,0.746,0.254,Fold2.Rep1,RandomForest,250,gini,3
NA,NA,No,No,27,0.884,0.116,Fold1.Rep2,RandomForest,250,gini,3
NA,NA,No,Yes,28,0.5870000000000001,0.4129999999999999,Fold1.Rep2,RandomForest,250,gini,3
NA,NA,No,No,30,0.6263333333333335,0.3736666666666667,Fold1.Rep2,RandomForest,250,gini,3
NA,NA,Yes,Yes,40,0.2406666666666667,0.7593333333333334,Fold2.Rep4,RandomForest,250,gini,3
NA,NA,No,No,39,0.6523333333333333,0.3476666666666666,Fold1.Rep2,RandomForest,250,gini,3
NA,NA,Yes,Yes,68,0.2656666666666666,0.7343333333333334,Fold4.Rep4,RandomForest,250,gini,3
NA,NA,No,No,29,0.8433333333333334,0.15666666666666665,Fold4.Rep5,RandomForest,250,gini,3
NA,NA,Yes,Yes,46,0.40566666666666673,0.5943333333333334,Fold4.Rep5,RandomForest,250,gini,3
NA,NA,No,Yes,51,0.7586666666666667,0.24133333333333332,Fold4.Rep5,RandomForest,250,gini,3
NA,NA,Yes,Yes,54,0.493,0.507,Fold2.Rep4,RandomForest,250,gini,3
NA,NA,No,Yes,42,0.8246666666666668,0.1753333333333333,Fold2.Rep1,RandomForest,250,gini,3
NA,NA,Yes,No,43,0.21333333333333337,0.7866666666666666,Fold2.Rep1,RandomForest,250,gini,3
NA,NA,No,No,80,0.765,0.235,Fold5.Rep2,RandomForest,250,gini,3
NA,NA,Yes,No,21,0.3458333333333333,0.6541666666666667,Fold4.Rep1,RandomForest,250,gini,3
NA,NA,Yes,No,16,0.249,0.751,Fold4.Rep5,RandomForest,250,gini,3
NA,NA,No,No,58,0.7283333333333335,0.27166666666666667,Fold4.Rep4,RandomForest,250,gini,3
NA,NA,Yes,Yes,36,0.4736666666666667,0.5263333333333332,Fold1.Rep2,RandomForest,250,gini,3
NA,NA,Yes,Yes,61,0.2803333333333333,0.7196666666666667,Fold4.Rep4,RandomForest,250,gini,3
NA,NA,Yes,No,65,0.44099999999999995,0.559,Fold5.Rep5,RandomForest,250,gini,3
NA,NA,No,No,74,0.676,0.324,Fold5.Rep5,RandomForest,250,gini,3
NA,NA,No,No,76,0.6086666666666666,0.3913333333333333,Fold5.Rep5,RandomForest,250,gini,3
NA,NA,Yes,Yes,78,0.22766666666666666,0.7723333333333332,Fold5.Rep5,RandomForest,250,gini,3
NA,NA,Yes,No,65,0.3983333333333333,0.6016666666666665,Fold4.Rep2,RandomForest,250,gini,3
NA,NA,No,No,20,0.582,0.418,Fold4.Rep1,RandomForest,250,gini,3
NA,NA,No,Yes,4,0.6086666666666666,0.39133333333333326,Fold3.Rep4,RandomForest,250,gini,3
NA,NA,Yes,No,44,0.412,0.588,Fold5.Rep3,RandomForest,250,gini,3
NA,NA,Yes,Yes,47,0.15999999999999998,0.8400000000000002,Fold5.Rep3,RandomForest,250,gini,3
NA,NA,No,No,48,0.721,0.279,Fold5.Rep3,RandomForest,250,gini,3
NA,NA,No,Yes,49,0.7276666666666667,0.2723333333333333,Fold5.Rep3,RandomForest,250,gini,3
NA,NA,Yes,Yes,59,0.24866666666666665,0.7513333333333334,Fold4.Rep4,RandomForest,250,gini,3
NA,NA,Yes,Yes,23,0.2773333333333333,0.7226666666666667,Fold3.Rep4,RandomForest,250,gini,3
NA,NA,No,Yes,51,0.7263333333333333,0.27366666666666667,Fold4.Rep1,RandomForest,250,gini,3
NA,NA,Yes,Yes,52,0.2131666666666667,0.7868333333333334,Fold4.Rep1,RandomForest,250,gini,3
NA,NA,No,No,57,0.6553333333333332,0.3446666666666666,Fold4.Rep1,RandomForest,250,gini,3
NA,NA,Yes,No,65,0.415,0.585,Fold4.Rep1,RandomForest,250,gini,3
NA,NA,Yes,Yes,68,0.2746666666666666,0.7253333333333335,Fold4.Rep1,RandomForest,250,gini,3
NA,NA,Yes,Yes,56,0.4223333333333334,0.5776666666666667,Fold4.Rep5,RandomForest,250,gini,3
NA,NA,Yes,Yes,68,0.265,0.7350000000000001,Fold4.Rep2,RandomForest,250,gini,3
NA,NA,No,Yes,3,0.555,0.445,Fold5.Rep2,RandomForest,250,gini,3
NA,NA,Yes,Yes,7,0.21616666666666665,0.7838333333333334,Fold5.Rep2,RandomForest,250,gini,3
NA,NA,Yes,Yes,11,0.4566666666666666,0.5433333333333332,Fold5.Rep2,RandomForest,250,gini,3
NA,NA,No,No,67,0.7806666666666667,0.21933333333333335,Fold4.Rep3,RandomForest,250,gini,3
NA,NA,No,No,65,0.5563333333333332,0.4436666666666667,Fold5.Rep3,RandomForest,250,gini,3
NA,NA,No,No,80,0.7893333333333333,0.2106666666666667,Fold4.Rep3,RandomForest,250,gini,3
NA,NA,No,Yes,4,0.5453333333333333,0.4546666666666667,Fold4.Rep3,RandomForest,250,gini,3
NA,NA,No,No,6,0.827,0.173,Fold4.Rep3,RandomForest,250,gini,3
NA,NA,Yes,No,8,0.44733333333333336,0.5526666666666665,Fold4.Rep3,RandomForest,250,gini,3
NA,NA,Yes,Yes,12,0.32666666666666666,0.6733333333333332,Fold4.Rep3,RandomForest,250,gini,3
NA,NA,Yes,Yes,13,0.41833333333333345,0.5816666666666666,Fold4.Rep3,RandomForest,250,gini,3
NA,NA,No,No,18,0.7330000000000001,0.267,Fold4.Rep3,RandomForest,250,gini,3
NA,NA,Yes,No,66,0.3543333333333334,0.6456666666666667,Fold5.Rep2,RandomForest,250,gini,3
NA,NA,No,No,72,0.615,0.385,Fold5.Rep2,RandomForest,250,gini,3
NA,NA,Yes,Yes,26,0.323,0.677,Fold1.Rep3,RandomForest,250,gini,3
NA,NA,No,Yes,4,0.6703333333333333,0.32966666666666666,Fold2.Rep2,RandomForest,250,gini,3
NA,NA,Yes,No,5,0.343,0.657,Fold2.Rep2,RandomForest,250,gini,3
NA,NA,No,No,6,0.822,0.178,Fold2.Rep2,RandomForest,250,gini,3
NA,NA,Yes,No,8,0.4996666666666667,0.5003333333333333,Fold2.Rep2,RandomForest,250,gini,3
NA,NA,Yes,Yes,13,0.4823333333333334,0.5176666666666666,Fold2.Rep2,RandomForest,250,gini,3
NA,NA,Yes,Yes,59,0.30833333333333335,0.691666666666667,Fold1.Rep3,RandomForest,250,gini,3
NA,NA,Yes,No,66,0.3463333333333333,0.6536666666666666,Fold1.Rep3,RandomForest,250,gini,3
NA,NA,Yes,Yes,68,0.25466666666666665,0.7453333333333334,Fold1.Rep3,RandomForest,250,gini,3
NA,NA,No,No,74,0.66,0.34,Fold1.Rep3,RandomForest,250,gini,3
NA,NA,Yes,No,44,0.4083333333333334,0.5916666666666667,Fold2.Rep4,RandomForest,250,gini,3
NA,NA,Yes,No,45,0.46399999999999997,0.536,Fold2.Rep4,RandomForest,250,gini,3
NA,NA,Yes,No,21,0.394,0.606,Fold3.Rep2,RandomForest,250,gini,3
NA,NA,No,No,29,0.8303333333333333,0.16966666666666666,Fold3.Rep2,RandomForest,250,gini,3
NA,NA,No,Yes,31,0.6503333333333333,0.3496666666666667,Fold3.Rep2,RandomForest,250,gini,3
NA,NA,Yes,Yes,32,0.28500000000000003,0.7150000000000001,Fold3.Rep2,RandomForest,250,gini,3
NA,NA,Yes,Yes,47,0.35233333333333333,0.6476666666666666,Fold3.Rep2,RandomForest,250,gini,3
NA,NA,No,Yes,49,0.6816666666666668,0.31833333333333336,Fold3.Rep2,RandomForest,250,gini,3
NA,NA,No,Yes,54,0.5686666666666668,0.4313333333333333,Fold3.Rep2,RandomForest,250,gini,3
NA,NA,No,Yes,56,0.507,0.493,Fold3.Rep2,RandomForest,250,gini,3
NA,NA,No,No,57,0.7006666666666667,0.29933333333333334,Fold3.Rep2,RandomForest,250,gini,3
NA,NA,No,No,58,0.733,0.26700000000000007,Fold3.Rep2,RandomForest,250,gini,3
NA,NA,Yes,No,62,0.47600000000000003,0.524,Fold3.Rep2,RandomForest,250,gini,3
NA,NA,No,No,70,0.523,0.477,Fold3.Rep2,RandomForest,250,gini,3
NA,NA,No,No,73,0.7713333333333334,0.22866666666666666,Fold3.Rep2,RandomForest,250,gini,3
NA,NA,Yes,Yes,32,0.2343333333333333,0.7656666666666666,Fold4.Rep3,RandomForest,250,gini,3
NA,NA,No,No,53,0.6706666666666667,0.3293333333333333,Fold4.Rep3,RandomForest,250,gini,3
NA,NA,No,Yes,54,0.5796666666666667,0.4203333333333334,Fold4.Rep3,RandomForest,250,gini,3
NA,NA,Yes,No,5,0.31933333333333336,0.6806666666666668,Fold2.Rep5,RandomForest,250,gini,3
NA,NA,Yes,No,16,0.24533333333333335,0.7546666666666666,Fold3.Rep1,RandomForest,250,gini,3
NA,NA,Yes,Yes,78,0.2406666666666667,0.7593333333333333,Fold4.Rep3,RandomForest,250,gini,3
NA,NA,No,No,58,0.843,0.15699999999999997,Fold2.Rep1,RandomForest,250,gini,3
NA,NA,Yes,No,62,0.456,0.544,Fold2.Rep1,RandomForest,250,gini,3
NA,NA,No,Yes,63,0.6216666666666667,0.37833333333333335,Fold2.Rep1,RandomForest,250,gini,3
NA,NA,No,No,73,0.8060000000000002,0.194,Fold2.Rep1,RandomForest,250,gini,3
NA,NA,No,No,2,0.618,0.38200000000000006,Fold1.Rep3,RandomForest,250,gini,3
NA,NA,Yes,No,5,0.3496666666666667,0.6503333333333333,Fold1.Rep3,RandomForest,250,gini,3
NA,NA,Yes,Yes,14,0.24699999999999997,0.753,Fold1.Rep3,RandomForest,250,gini,3
NA,NA,Yes,Yes,19,0.48500000000000004,0.515,Fold1.Rep3,RandomForest,250,gini,3
NA,NA,Yes,No,21,0.377,0.623,Fold1.Rep3,RandomForest,250,gini,3
NA,NA,No,No,48,0.6586666666666666,0.3413333333333333,Fold5.Rep4,RandomForest,250,gini,3
NA,NA,No,No,53,0.5703333333333332,0.4296666666666667,Fold5.Rep4,RandomForest,250,gini,3
NA,NA,No,No,67,0.7296666666666668,0.27033333333333337,Fold5.Rep4,RandomForest,250,gini,3
NA,NA,Yes,No,70,0.4503333333333334,0.5496666666666666,Fold5.Rep4,RandomForest,250,gini,3
NA,NA,No,No,20,0.5576666666666666,0.44233333333333336,Fold4.Rep5,RandomForest,250,gini,3
NA,NA,Yes,Yes,24,0.12266666666666666,0.8773333333333333,Fold4.Rep5,RandomForest,250,gini,3
NA,NA,Yes,Yes,25,0.41933333333333345,0.5806666666666668,Fold4.Rep5,RandomForest,250,gini,3
NA,NA,No,No,27,0.8900000000000001,0.11000000000000001,Fold4.Rep5,RandomForest,250,gini,3
NA,NA,No,Yes,28,0.6433333333333331,0.3566666666666666,Fold4.Rep5,RandomForest,250,gini,3
NA,NA,Yes,Yes,1,0.483,0.517,Fold5.Rep5,RandomForest,250,gini,3
NA,NA,No,Yes,4,0.5879999999999999,0.4119999999999999,Fold5.Rep5,RandomForest,250,gini,3
NA,NA,Yes,Yes,7,0.35566666666666663,0.6443333333333332,Fold5.Rep5,RandomForest,250,gini,3
NA,NA,Yes,Yes,15,0.45066666666666666,0.5493333333333332,Fold5.Rep5,RandomForest,250,gini,3
NA,NA,No,No,17,0.7616666666666667,0.2383333333333333,Fold5.Rep5,RandomForest,250,gini,3
NA,NA,No,No,18,0.6953333333333332,0.3046666666666667,Fold5.Rep5,RandomForest,250,gini,3
NA,NA,No,Yes,61,0.548,0.452,Fold5.Rep1,RandomForest,250,gini,3
NA,NA,No,Yes,64,0.6519999999999999,0.3479999999999999,Fold5.Rep1,RandomForest,250,gini,3
NA,NA,No,No,67,0.8076666666666665,0.19233333333333338,Fold5.Rep1,RandomForest,250,gini,3
NA,NA,Yes,Yes,69,0.4766666666666666,0.5233333333333333,Fold5.Rep1,RandomForest,250,gini,3
NA,NA,No,No,76,0.6336666666666666,0.3663333333333333,Fold5.Rep1,RandomForest,250,gini,3
NA,NA,No,No,80,0.7839999999999999,0.21600000000000003,Fold5.Rep1,RandomForest,250,gini,3
NA,NA,Yes,Yes,40,0.27799999999999997,0.722,Fold1.Rep2,RandomForest,250,gini,3
NA,NA,Yes,Yes,41,0.36633333333333346,0.6336666666666667,Fold1.Rep2,RandomForest,250,gini,3
NA,NA,No,Yes,42,0.8046666666666669,0.1953333333333333,Fold1.Rep2,RandomForest,250,gini,3
NA,NA,Yes,No,44,0.4093333333333334,0.5906666666666667,Fold1.Rep2,RandomForest,250,gini,3
NA,NA,No,Yes,50,0.5866666666666668,0.41333333333333333,Fold1.Rep2,RandomForest,250,gini,3
NA,NA,No,Yes,63,0.6480000000000001,0.35200000000000004,Fold1.Rep2,RandomForest,250,gini,3
NA,NA,No,Yes,64,0.7443333333333335,0.25566666666666665,Fold1.Rep2,RandomForest,250,gini,3
NA,NA,No,No,67,0.8736666666666667,0.12633333333333335,Fold1.Rep2,RandomForest,250,gini,3
NA,NA,No,Yes,64,0.6220000000000001,0.37800000000000006,Fold4.Rep3,RandomForest,250,gini,3
NA,NA,No,Yes,54,0.5646666666666668,0.4353333333333333,Fold2.Rep1,RandomForest,250,gini,3
NA,NA,Yes,Yes,79,0.416,0.5839999999999999,Fold4.Rep2,RandomForest,250,gini,3
NA,NA,No,No,17,0.7713333333333332,0.22866666666666666,Fold3.Rep1,RandomForest,250,gini,3
NA,NA,Yes,Yes,23,0.228,0.772,Fold3.Rep1,RandomForest,250,gini,3
NA,NA,No,Yes,31,0.636,0.364,Fold3.Rep1,RandomForest,250,gini,3
NA,NA,No,No,44,0.5639999999999998,0.436,Fold3.Rep1,RandomForest,250,gini,3
NA,NA,Yes,No,45,0.4166666666666667,0.5833333333333334,Fold3.Rep1,RandomForest,250,gini,3
NA,NA,No,No,48,0.6946666666666665,0.3053333333333333,Fold3.Rep1,RandomForest,250,gini,3
NA,NA,Yes,Yes,59,0.20733333333333334,0.7926666666666666,Fold3.Rep1,RandomForest,250,gini,3
NA,NA,Yes,No,71,0.36,0.6399999999999999,Fold3.Rep1,RandomForest,250,gini,3
NA,NA,No,No,72,0.526,0.4739999999999999,Fold3.Rep1,RandomForest,250,gini,3
NA,NA,Yes,Yes,78,0.2626666666666666,0.7373333333333334,Fold3.Rep1,RandomForest,250,gini,3
NA,NA,Yes,Yes,79,0.4806666666666667,0.5193333333333334,Fold3.Rep1,RandomForest,250,gini,3
NA,NA,Yes,Yes,26,0.41433333333333333,0.5856666666666667,Fold4.Rep1,RandomForest,250,gini,3
NA,NA,No,No,30,0.6069999999999999,0.393,Fold4.Rep1,RandomForest,250,gini,3
NA,NA,Yes,Yes,32,0.23399999999999996,0.7660000000000001,Fold4.Rep1,RandomForest,250,gini,3
NA,NA,Yes,Yes,46,0.3456666666666666,0.6543333333333332,Fold4.Rep1,RandomForest,250,gini,3
NA,NA,Yes,Yes,47,0.261,0.739,Fold4.Rep1,RandomForest,250,gini,3
NA,NA,Yes,Yes,9,0.11833333333333333,0.8816666666666666,Fold5.Rep3,RandomForest,250,gini,3
NA,NA,No,Yes,10,0.5819999999999999,0.4179999999999999,Fold5.Rep3,RandomForest,250,gini,3
NA,NA,Yes,Yes,23,0.20266666666666666,0.7973333333333333,Fold5.Rep3,RandomForest,250,gini,3
NA,NA,No,No,27,0.8476666666666667,0.15233333333333335,Fold5.Rep3,RandomForest,250,gini,3
NA,NA,No,Yes,28,0.6046666666666668,0.39533333333333337,Fold5.Rep3,RandomForest,250,gini,3
NA,NA,Yes,No,43,0.23299999999999998,0.7670000000000001,Fold5.Rep3,RandomForest,250,gini,3
NA,NA,Yes,Yes,10,0.4633333333333334,0.5366666666666666,Fold1.Rep4,RandomForest,250,gini,3
NA,NA,Yes,Yes,12,0.20333333333333328,0.7966666666666669,Fold1.Rep4,RandomForest,250,gini,3
NA,NA,Yes,No,16,0.23199999999999996,0.7680000000000001,Fold1.Rep4,RandomForest,250,gini,3
NA,NA,No,No,22,0.5753333333333334,0.4246666666666667,Fold1.Rep4,RandomForest,250,gini,3
NA,NA,Yes,Yes,25,0.3433333333333333,0.6566666666666666,Fold1.Rep4,RandomForest,250,gini,3
NA,NA,Yes,Yes,32,0.19933333333333333,0.8006666666666666,Fold1.Rep4,RandomForest,250,gini,3
NA,NA,No,No,35,0.783,0.217,Fold1.Rep4,RandomForest,250,gini,3
NA,NA,No,No,37,0.6403333333333333,0.35966666666666663,Fold1.Rep4,RandomForest,250,gini,3
NA,NA,No,No,39,0.516,0.48399999999999993,Fold1.Rep4,RandomForest,250,gini,3
NA,NA,Yes,Yes,47,0.22033333333333333,0.7796666666666667,Fold1.Rep4,RandomForest,250,gini,3
NA,NA,No,Yes,49,0.569,0.431,Fold1.Rep4,RandomForest,250,gini,3
NA,NA,No,Yes,51,0.7706666666666667,0.2293333333333333,Fold1.Rep4,RandomForest,250,gini,3
NA,NA,Yes,Yes,52,0.21566666666666662,0.7843333333333333,Fold1.Rep4,RandomForest,250,gini,3
NA,NA,Yes,No,55,0.32,0.68,Fold1.Rep4,RandomForest,250,gini,3
NA,NA,No,Yes,64,0.6666666666666667,0.33333333333333337,Fold1.Rep4,RandomForest,250,gini,3
NA,NA,Yes,No,71,0.4673333333333334,0.5326666666666666,Fold1.Rep2,RandomForest,250,gini,3
NA,NA,Yes,Yes,78,0.2656666666666666,0.7343333333333335,Fold4.Rep2,RandomForest,250,gini,3
NA,NA,Yes,Yes,9,0.174,0.8259999999999998,Fold2.Rep5,RandomForest,250,gini,3
NA,NA,Yes,Yes,13,0.45233333333333325,0.5476666666666667,Fold2.Rep5,RandomForest,250,gini,3
NA,NA,Yes,Yes,14,0.25,0.75,Fold2.Rep5,RandomForest,250,gini,3
NA,NA,No,Yes,19,0.507,0.493,Fold2.Rep5,RandomForest,250,gini,3
NA,NA,No,No,37,0.5186666666666667,0.48133333333333334,Fold2.Rep5,RandomForest,250,gini,3
NA,NA,No,No,38,0.5726666666666668,0.4273333333333333,Fold2.Rep5,RandomForest,250,gini,3
NA,NA,Yes,Yes,41,0.42033333333333334,0.5796666666666668,Fold2.Rep5,RandomForest,250,gini,3
NA,NA,Yes,No,43,0.191,0.809,Fold2.Rep5,RandomForest,250,gini,3
NA,NA,Yes,Yes,52,0.34033333333333327,0.6596666666666665,Fold2.Rep5,RandomForest,250,gini,3
NA,NA,No,No,53,0.5453333333333333,0.4546666666666666,Fold2.Rep5,RandomForest,250,gini,3
NA,NA,No,Yes,63,0.6266666666666667,0.3733333333333333,Fold2.Rep5,RandomForest,250,gini,3
NA,NA,No,No,72,0.549,0.451,Fold2.Rep5,RandomForest,250,gini,3
NA,NA,Yes,Yes,77,0.23933333333333331,0.7606666666666667,Fold2.Rep5,RandomForest,250,gini,3
NA,NA,Yes,Yes,9,0.18366666666666667,0.8163333333333332,Fold2.Rep4,RandomForest,250,gini,3
NA,NA,Yes,Yes,13,0.374,0.6259999999999999,Fold2.Rep4,RandomForest,250,gini,3
NA,NA,No,No,17,0.8163333333333332,0.18366666666666667,Fold2.Rep4,RandomForest,250,gini,3
NA,NA,Yes,Yes,26,0.416,0.584,Fold2.Rep4,RandomForest,250,gini,3
NA,NA,No,No,27,0.8806666666666667,0.11933333333333335,Fold2.Rep4,RandomForest,250,gini,3
NA,NA,Yes,Yes,1,0.38750000000000007,0.6125000000000002,Fold3.Rep2,RandomForest,250,gini,3
NA,NA,Yes,Yes,10,0.492,0.508,Fold3.Rep2,RandomForest,250,gini,3
NA,NA,Yes,Yes,12,0.2766666666666666,0.7233333333333333,Fold3.Rep2,RandomForest,250,gini,3
NA,NA,No,No,17,0.818,0.182,Fold3.Rep2,RandomForest,250,gini,3
NA,NA,Yes,No,43,0.21199999999999997,0.7880000000000001,Fold2.Rep2,RandomForest,250,gini,3
NA,NA,Yes,No,45,0.41233333333333333,0.5876666666666667,Fold2.Rep2,RandomForest,250,gini,3
NA,NA,Yes,Yes,52,0.37,0.6300000000000001,Fold2.Rep2,RandomForest,250,gini,3
NA,NA,Yes,Yes,69,0.4393333333333333,0.5606666666666666,Fold2.Rep2,RandomForest,250,gini,3
NA,NA,No,No,74,0.6043333333333334,0.3956666666666666,Fold2.Rep2,RandomForest,250,gini,3
NA,NA,Yes,Yes,77,0.18166666666666662,0.8183333333333334,Fold2.Rep2,RandomForest,250,gini,3
NA,NA,No,No,2,0.5820000000000001,0.418,Fold1.Rep5,RandomForest,250,gini,3
NA,NA,No,Yes,3,0.6013333333333334,0.3986666666666666,Fold1.Rep5,RandomForest,250,gini,3
NA,NA,Yes,No,8,0.37666666666666665,0.6233333333333333,Fold1.Rep5,RandomForest,250,gini,3
NA,NA,No,Yes,10,0.5673333333333332,0.43266666666666664,Fold1.Rep5,RandomForest,250,gini,3
NA,NA,Yes,No,21,0.2783333333333333,0.7216666666666668,Fold1.Rep5,RandomForest,250,gini,3
NA,NA,Yes,Yes,23,0.33433333333333337,0.6656666666666667,Fold1.Rep5,RandomForest,250,gini,3
NA,NA,Yes,Yes,26,0.3933333333333333,0.6066666666666667,Fold1.Rep5,RandomForest,250,gini,3
NA,NA,No,No,30,0.577,0.423,Fold1.Rep5,RandomForest,250,gini,3
NA,NA,Yes,Yes,32,0.275,0.7250000000000001,Fold1.Rep5,RandomForest,250,gini,3
NA,NA,Yes,No,44,0.40433333333333343,0.5956666666666667,Fold1.Rep5,RandomForest,250,gini,3
NA,NA,Yes,No,66,0.3133333333333333,0.6866666666666666,Fold1.Rep4,RandomForest,250,gini,3
NA,NA,No,No,6,0.7716666666666666,0.22833333333333333,Fold2.Rep5,RandomForest,250,gini,3
NA,NA,No,Yes,54,0.542,0.458,Fold1.Rep5,RandomForest,250,gini,3
NA,NA,Yes,Yes,59,0.209,0.791,Fold1.Rep5,RandomForest,250,gini,3
NA,NA,Yes,No,66,0.24999999999999997,0.75,Fold1.Rep5,RandomForest,250,gini,3
NA,NA,No,No,73,0.8426666666666668,0.15733333333333335,Fold1.Rep5,RandomForest,250,gini,3
NA,NA,Yes,Yes,14,0.23166666666666666,0.7683333333333334,Fold5.Rep4,RandomForest,250,gini,3
NA,NA,Yes,No,21,0.4216666666666667,0.5783333333333334,Fold5.Rep4,RandomForest,250,gini,3
NA,NA,No,Yes,28,0.5843333333333333,0.41566666666666663,Fold5.Rep4,RandomForest,250,gini,3
NA,NA,No,No,30,0.539,0.46099999999999997,Fold5.Rep4,RandomForest,250,gini,3
NA,NA,No,Yes,31,0.5936666666666667,0.4063333333333333,Fold5.Rep4,RandomForest,250,gini,3
NA,NA,No,Yes,36,0.5096666666666666,0.4903333333333334,Fold5.Rep4,RandomForest,250,gini,3
NA,NA,Yes,No,5,0.36933333333333335,0.6306666666666666,Fold4.Rep4,RandomForest,250,gini,3
NA,NA,No,No,20,0.6493333333333332,0.3506666666666667,Fold4.Rep4,RandomForest,250,gini,3
NA,NA,No,No,29,0.8543333333333334,0.14566666666666667,Fold4.Rep4,RandomForest,250,gini,3
NA,NA,Yes,Yes,12,0.27233333333333337,0.7276666666666667,Fold4.Rep5,RandomForest,250,gini,3
NA,NA,Yes,Yes,7,0.2333333333333333,0.7666666666666666,Fold5.Rep1,RandomForest,250,gini,3
NA,NA,No,Yes,11,0.5053333333333334,0.49466666666666664,Fold5.Rep1,RandomForest,250,gini,3
NA,NA,Yes,Yes,12,0.3693333333333333,0.6306666666666667,Fold5.Rep1,RandomForest,250,gini,3
NA,NA,No,No,18,0.7166666666666668,0.2833333333333334,Fold5.Rep1,RandomForest,250,gini,3
NA,NA,No,No,22,0.6346666666666667,0.3653333333333334,Fold5.Rep1,RandomForest,250,gini,3
NA,NA,No,Yes,36,0.5173333333333333,0.48266666666666663,Fold5.Rep1,RandomForest,250,gini,3
NA,NA,No,No,37,0.6163333333333333,0.38366666666666666,Fold5.Rep1,RandomForest,250,gini,3
NA,NA,Yes,Yes,41,0.333,0.667,Fold5.Rep1,RandomForest,250,gini,3
NA,NA,Yes,Yes,50,0.4643333333333334,0.5356666666666666,Fold5.Rep1,RandomForest,250,gini,3
NA,NA,Yes,No,55,0.3856666666666666,0.6143333333333333,Fold5.Rep1,RandomForest,250,gini,3
NA,NA,Yes,No,60,0.3973333333333333,0.6026666666666667,Fold5.Rep1,RandomForest,250,gini,3
NA,NA,Yes,Yes,11,0.4148333333333334,0.5851666666666667,Fold3.Rep5,RandomForest,250,gini,3
NA,NA,No,No,22,0.5886666666666667,0.4113333333333334,Fold3.Rep5,RandomForest,250,gini,3
NA,NA,No,No,35,0.673,0.327,Fold3.Rep5,RandomForest,250,gini,3
NA,NA,No,No,39,0.5046666666666667,0.4953333333333333,Fold3.Rep5,RandomForest,250,gini,3
NA,NA,Yes,Yes,40,0.16166666666666668,0.8383333333333333,Fold3.Rep5,RandomForest,250,gini,3
NA,NA,No,Yes,42,0.7656666666666666,0.23433333333333337,Fold3.Rep5,RandomForest,250,gini,3
NA,NA,Yes,Yes,47,0.22333333333333336,0.7766666666666667,Fold3.Rep5,RandomForest,250,gini,3
NA,NA,Yes,Yes,50,0.445,0.555,Fold3.Rep5,RandomForest,250,gini,3
NA,NA,Yes,No,55,0.3366666666666666,0.6633333333333333,Fold3.Rep5,RandomForest,250,gini,3
NA,NA,Yes,No,62,0.4840000000000001,0.5159999999999999,Fold3.Rep5,RandomForest,250,gini,3
NA,NA,Yes,Yes,68,0.2063333333333333,0.7936666666666667,Fold3.Rep5,RandomForest,250,gini,3
NA,NA,Yes,Yes,69,0.292,0.7080000000000001,Fold3.Rep5,RandomForest,250,gini,3
NA,NA,Yes,No,71,0.3903333333333333,0.6096666666666667,Fold3.Rep5,RandomForest,250,gini,3
NA,NA,Yes,No,75,0.15633333333333335,0.8436666666666667,Fold3.Rep5,RandomForest,250,gini,3
NA,NA,Yes,Yes,79,0.43000000000000005,0.5699999999999998,Fold3.Rep5,RandomForest,250,gini,3
NA,NA,No,No,80,0.783,0.217,Fold3.Rep5,RandomForest,250,gini,3
NA,NA,Yes,Yes,15,0.37300000000000005,0.6270000000000001,Fold5.Rep2,RandomForest,250,gini,3
NA,NA,Yes,No,16,0.21866666666666668,0.7813333333333332,Fold5.Rep2,RandomForest,250,gini,3
NA,NA,Yes,Yes,25,0.418,0.582,Fold5.Rep2,RandomForest,250,gini,3
NA,NA,No,No,35,0.6903333333333335,0.30966666666666665,Fold5.Rep2,RandomForest,250,gini,3
NA,NA,No,No,38,0.6546666666666667,0.3453333333333334,Fold5.Rep2,RandomForest,250,gini,3
NA,NA,Yes,Yes,46,0.3953333333333334,0.6046666666666668,Fold5.Rep2,RandomForest,250,gini,3
NA,NA,Yes,Yes,59,0.22833333333333333,0.7716666666666666,Fold5.Rep2,RandomForest,250,gini,3
NA,NA,Yes,No,60,0.4743333333333334,0.5256666666666666,Fold5.Rep2,RandomForest,250,gini,3
NA,NA,Yes,Yes,61,0.4053333333333333,0.5946666666666667,Fold5.Rep2,RandomForest,250,gini,3
NA,NA,No,No,2,0.61,0.39,Fold4.Rep1,RandomForest,250,gini,3
NA,NA,No,No,6,0.8283333333333334,0.17166666666666666,Fold4.Rep1,RandomForest,250,gini,3
NA,NA,Yes,Yes,9,0.19333333333333338,0.8066666666666665,Fold4.Rep1,RandomForest,250,gini,3
NA,NA,Yes,Yes,1,0.26333333333333336,0.7366666666666666,Fold2.Rep3,RandomForest,250,gini,3
NA,NA,No,Yes,3,0.571,0.429,Fold2.Rep3,RandomForest,250,gini,3
NA,NA,Yes,Yes,7,0.283,0.7170000000000001,Fold2.Rep3,RandomForest,250,gini,3
NA,NA,No,No,17,0.847,0.153,Fold2.Rep3,RandomForest,250,gini,3
NA,NA,No,No,20,0.6773333333333332,0.3226666666666666,Fold2.Rep3,RandomForest,250,gini,3
NA,NA,Yes,Yes,25,0.40766666666666673,0.5923333333333334,Fold2.Rep3,RandomForest,250,gini,3
NA,NA,No,No,38,0.6723333333333332,0.3276666666666666,Fold2.Rep3,RandomForest,250,gini,3
NA,NA,No,No,39,0.543,0.457,Fold2.Rep3,RandomForest,250,gini,3
NA,NA,Yes,Yes,41,0.38333333333333336,0.6166666666666666,Fold2.Rep3,RandomForest,250,gini,3
NA,NA,No,Yes,42,0.773,0.227,Fold2.Rep3,RandomForest,250,gini,3
NA,NA,No,No,45,0.5483333333333333,0.45166666666666655,Fold2.Rep3,RandomForest,250,gini,3
NA,NA,No,Yes,51,0.7106666666666667,0.2893333333333334,Fold2.Rep3,RandomForest,250,gini,3
NA,NA,Yes,Yes,52,0.25700000000000006,0.743,Fold2.Rep3,RandomForest,250,gini,3
NA,NA,No,No,57,0.7203333333333334,0.2796666666666667,Fold2.Rep3,RandomForest,250,gini,3
NA,NA,No,No,62,0.525,0.4749999999999999,Fold2.Rep3,RandomForest,250,gini,3
NA,NA,No,Yes,63,0.6126666666666667,0.38733333333333336,Fold2.Rep3,RandomForest,250,gini,3
NA,NA,No,No,70,0.5843333333333334,0.41566666666666663,Fold2.Rep3,RandomForest,250,gini,3
NA,NA,No,No,73,0.8043333333333332,0.19566666666666668,Fold5.Rep3,RandomForest,250,gini,3
NA,NA,Yes,No,75,0.15466666666666667,0.8453333333333333,Fold5.Rep3,RandomForest,250,gini,3
NA,NA,No,No,76,0.6546666666666667,0.3453333333333334,Fold5.Rep3,RandomForest,250,gini,3
NA,NA,Yes,Yes,77,0.13866666666666666,0.8613333333333334,Fold5.Rep3,RandomForest,250,gini,3
NA,NA,Yes,Yes,79,0.3630000000000001,0.637,Fold5.Rep3,RandomForest,250,gini,3
NA,NA,Yes,Yes,69,0.3533333333333334,0.6466666666666666,Fold3.Rep4,RandomForest,250,gini,3
NA,NA,No,No,73,0.6966666666666668,0.30333333333333334,Fold3.Rep4,RandomForest,250,gini,3
NA,NA,No,No,76,0.6643333333333332,0.3356666666666666,Fold3.Rep4,RandomForest,250,gini,3
NA,NA,Yes,Yes,78,0.2763333333333333,0.7236666666666666,Fold3.Rep4,RandomForest,250,gini,3
NA,NA,No,No,80,0.708,0.292,Fold3.Rep4,RandomForest,250,gini,3
NA,NA,Yes,No,71,0.3856666666666667,0.6143333333333334,Fold1.Rep4,RandomForest,250,gini,3
NA,NA,No,No,53,0.5949999999999999,0.405,Fold2.Rep1,RandomForest,250,gini,3
NA,NA,Yes,Yes,11,0.435,0.565,Fold3.Rep3,RandomForest,250,gini,3
NA,NA,Yes,Yes,15,0.41566666666666663,0.5843333333333333,Fold3.Rep3,RandomForest,250,gini,3
NA,NA,Yes,No,16,0.22533333333333336,0.7746666666666666,Fold3.Rep3,RandomForest,250,gini,3
NA,NA,No,No,22,0.56466666666666665,0.4353333333333333,Fold3.Rep3,RandomForest,250,gini,3
NA,NA,Yes,Yes,24,0.167,0.833,Fold3.Rep3,RandomForest,250,gini,3
NA,NA,No,No,29,0.8090000000000002,0.19099999999999998,Fold3.Rep3,RandomForest,250,gini,3
NA,NA,No,No,30,0.6696666666666667,0.33033333333333337,Fold3.Rep3,RandomForest,250,gini,3
NA,NA,Yes,Yes,33,0.48833333333333334,0.5116666666666667,Fold3.Rep3,RandomForest,250,gini,3
NA,NA,No,No,35,0.68,0.32,Fold3.Rep3,RandomForest,250,gini,3
NA,NA,Yes,Yes,40,0.2866666666666666,0.7133333333333333,Fold3.Rep3,RandomForest,250,gini,3
NA,NA,Yes,Yes,46,0.4106666666666667,0.5893333333333333,Fold3.Rep3,RandomForest,250,gini,3
NA,NA,No,Yes,50,0.5016666666666667,0.4983333333333333,Fold3.Rep3,RandomForest,250,gini,3
NA,NA,Yes,Yes,56,0.4536666666666666,0.5463333333333332,Fold3.Rep3,RandomForest,250,gini,3
NA,NA,Yes,Yes,69,0.261,0.7389999999999999,Fold3.Rep3,RandomForest,250,gini,3
NA,NA,Yes,No,71,0.378,0.6220000000000001,Fold3.Rep3,RandomForest,250,gini,3
NA,NA,No,No,72,0.586,0.4139999999999999,Fold3.Rep3,RandomForest,250,gini,3
NA,NA,No,No,18,0.706,0.294,Fold2.Rep2,RandomForest,250,gini,3
NA,NA,No,Yes,19,0.528,0.472,Fold2.Rep2,RandomForest,250,gini,3
NA,NA,Yes,Yes,26,0.3103333333333333,0.6896666666666668,Fold2.Rep2,RandomForest,250,gini,3
NA,NA,Yes,Yes,34,0.329,0.671,Fold2.Rep2,RandomForest,250,gini,3
NA,NA,No,No,37,0.573,0.427,Fold2.Rep2,RandomForest,250,gini,3
NA,NA,Yes,Yes,1,0.237,0.763,Fold1.Rep1,RandomForest,250,gini,3
NA,NA,No,Yes,4,0.64,0.36,Fold1.Rep1,RandomForest,250,gini,3
NA,NA,Yes,No,5,0.4073333333333333,0.5926666666666668,Fold1.Rep1,RandomForest,250,gini,3
NA,NA,Yes,Yes,10,0.4653333333333333,0.5346666666666667,Fold1.Rep1,RandomForest,250,gini,3
NA,NA,Yes,Yes,19,0.4863333333333334,0.5136666666666666,Fold1.Rep1,RandomForest,250,gini,3
NA,NA,No,No,27,0.8616666666666666,0.13833333333333334,Fold1.Rep1,RandomForest,250,gini,3
NA,NA,Yes,Yes,33,0.41933333333333334,0.5806666666666667,Fold1.Rep1,RandomForest,250,gini,3
NA,NA,No,No,35,0.6593333333333332,0.3406666666666666,Fold1.Rep1,RandomForest,250,gini,3
NA,NA,No,No,38,0.6586666666666667,0.3413333333333334,Fold1.Rep1,RandomForest,250,gini,3
NA,NA,Yes,Yes,40,0.18233333333333332,0.8176666666666668,Fold1.Rep1,RandomForest,250,gini,3
NA,NA,Yes,Yes,56,0.4976666666666667,0.5023333333333333,Fold1.Rep1,RandomForest,250,gini,3
NA,NA,Yes,No,66,0.29266666666666663,0.7073333333333333,Fold1.Rep1,RandomForest,250,gini,3
NA,NA,No,No,70,0.5146666666666667,0.48533333333333334,Fold1.Rep1,RandomForest,250,gini,3
NA,NA,No,No,74,0.6473333333333332,0.35266666666666663,Fold1.Rep1,RandomForest,250,gini,3
NA,NA,Yes,No,75,0.12466666666666669,0.8753333333333335,Fold1.Rep1,RandomForest,250,gini,3
NA,NA,Yes,Yes,77,0.134,0.8660000000000001,Fold1.Rep1,RandomForest,250,gini,3
NA,NA,Yes,No,45,0.4396666666666667,0.5603333333333335,Fold1.Rep5,RandomForest,250,gini,3
NA,NA,No,Yes,49,0.7599999999999999,0.24000000000000002,Fold1.Rep5,RandomForest,250,gini,3
NA,NA,Yes,Yes,1,0.3696666666666667,0.6303333333333334,Fold5.Rep4,RandomForest,250,gini,3
NA,NA,No,No,2,0.5809999999999998,0.41899999999999993,Fold5.Rep4,RandomForest,250,gini,3
NA,NA,No,Yes,3,0.533,0.467,Fold5.Rep4,RandomForest,250,gini,3
NA,NA,Yes,Yes,7,0.3106666666666667,0.6893333333333334,Fold5.Rep4,RandomForest,250,gini,3
NA,NA,Yes,No,8,0.36933333333333335,0.6306666666666667,Fold5.Rep4,RandomForest,250,gini,3
NA,NA,Yes,Yes,11,0.3543333333333334,0.6456666666666667,Fold5.Rep4,RandomForest,250,gini,3
